{
"meta":{"test_sets":[],"test_metrics":[],"learn_metrics":[{"best_value":"Min","name":"RMSE"}],"launch_mode":"Train","parameters":"","iteration_count":1000,"learn_sets":["learn"],"name":"experiment"},
"iterations":[
{"learn":[1655.33758],"iteration":0,"passed_time":0.1504684286,"remaining_time":150.3179602},
{"learn":[1607.140733],"iteration":1,"passed_time":0.1527046878,"remaining_time":76.19963923},
{"learn":[1560.178789],"iteration":2,"passed_time":0.1550592508,"remaining_time":51.5313577},
{"learn":[1516.167965],"iteration":3,"passed_time":0.1581306903,"remaining_time":39.37454188},
{"learn":[1476.331099],"iteration":4,"passed_time":0.1605643801,"remaining_time":31.95231164},
{"learn":[1440.798613],"iteration":5,"passed_time":0.1629277001,"remaining_time":26.99168898},
{"learn":[1408.647115],"iteration":6,"passed_time":0.1656634496,"remaining_time":23.50054363},
{"learn":[1379.261815],"iteration":7,"passed_time":0.1680765153,"remaining_time":20.84148789},
{"learn":[1350.703232],"iteration":8,"passed_time":0.1702706288,"remaining_time":18.74868812},
{"learn":[1325.905537],"iteration":9,"passed_time":0.1724562715,"remaining_time":17.07317088},
{"learn":[1302.068202],"iteration":10,"passed_time":0.1747320009,"remaining_time":15.70999535},
{"learn":[1280.509477],"iteration":11,"passed_time":0.1779284723,"remaining_time":14.64944422},
{"learn":[1260.810401],"iteration":12,"passed_time":0.18158955,"remaining_time":13.78683737},
{"learn":[1243.733075],"iteration":13,"passed_time":0.1843413898,"remaining_time":12.98290074},
{"learn":[1227.619402],"iteration":14,"passed_time":0.1869855942,"remaining_time":12.27872069},
{"learn":[1213.105925],"iteration":15,"passed_time":0.1904535248,"remaining_time":11.71289177},
{"learn":[1199.862577],"iteration":16,"passed_time":0.1936438361,"remaining_time":11.19717005},
{"learn":[1187.338809],"iteration":17,"passed_time":0.2046278476,"remaining_time":11.16358591},
{"learn":[1176.081872],"iteration":18,"passed_time":0.2076535584,"remaining_time":10.72148109},
{"learn":[1166.74505],"iteration":19,"passed_time":0.2105288799,"remaining_time":10.31591511},
{"learn":[1157.099168],"iteration":20,"passed_time":0.2136137398,"remaining_time":9.95846911},
{"learn":[1148.783526],"iteration":21,"passed_time":0.2166601003,"remaining_time":9.631526276},
{"learn":[1141.153932],"iteration":22,"passed_time":0.2199856038,"remaining_time":9.344605866},
{"learn":[1134.644414],"iteration":23,"passed_time":0.2239253501,"remaining_time":9.106297569},
{"learn":[1128.687656],"iteration":24,"passed_time":0.2277603673,"remaining_time":8.882654327},
{"learn":[1123.423743],"iteration":25,"passed_time":0.2310931325,"remaining_time":8.657104272},
{"learn":[1118.696172],"iteration":26,"passed_time":0.2341961024,"remaining_time":8.439733616},
{"learn":[1114.579112],"iteration":27,"passed_time":0.2376940499,"remaining_time":8.251379161},
{"learn":[1110.521502],"iteration":28,"passed_time":0.2409950249,"remaining_time":8.069178247},
{"learn":[1106.596784],"iteration":29,"passed_time":0.2456128807,"remaining_time":7.941483143},
{"learn":[1102.940808],"iteration":30,"passed_time":0.2491087074,"remaining_time":7.786656048},
{"learn":[1099.981737],"iteration":31,"passed_time":0.2515743858,"remaining_time":7.610125171},
{"learn":[1097.03996],"iteration":32,"passed_time":0.2553997132,"remaining_time":7.483985536},
{"learn":[1094.604615],"iteration":33,"passed_time":0.258786234,"remaining_time":7.352573588},
{"learn":[1092.084152],"iteration":34,"passed_time":0.2622865918,"remaining_time":7.231616031},
{"learn":[1090.034067],"iteration":35,"passed_time":0.2655795265,"remaining_time":7.111629543},
{"learn":[1088.034436],"iteration":36,"passed_time":0.2688492703,"remaining_time":6.997347224},
{"learn":[1086.52935],"iteration":37,"passed_time":0.2721159613,"remaining_time":6.888830388},
{"learn":[1085.114571],"iteration":38,"passed_time":0.2758053659,"remaining_time":6.796127092},
{"learn":[1083.470289],"iteration":39,"passed_time":0.2793971242,"remaining_time":6.705530981},
{"learn":[1082.3403],"iteration":40,"passed_time":0.281903545,"remaining_time":6.593792676},
{"learn":[1081.14798],"iteration":41,"passed_time":0.28533522,"remaining_time":6.508360493},
{"learn":[1079.930231],"iteration":42,"passed_time":0.2887619922,"remaining_time":6.426633176},
{"learn":[1078.815743],"iteration":43,"passed_time":0.2934659497,"remaining_time":6.376214726},
{"learn":[1077.755986],"iteration":44,"passed_time":0.2978642777,"remaining_time":6.321341893},
{"learn":[1076.803911],"iteration":45,"passed_time":0.3015267948,"remaining_time":6.253403527},
{"learn":[1076.054305],"iteration":46,"passed_time":0.3049859487,"remaining_time":6.18407679},
{"learn":[1075.076411],"iteration":47,"passed_time":0.3085456863,"remaining_time":6.119489445},
{"learn":[1074.453771],"iteration":48,"passed_time":0.3119704535,"remaining_time":6.054773495},
{"learn":[1073.655019],"iteration":49,"passed_time":0.3173763391,"remaining_time":6.030150444},
{"learn":[1072.882075],"iteration":50,"passed_time":0.3209911356,"remaining_time":5.972952699},
{"learn":[1072.205036],"iteration":51,"passed_time":0.3245471741,"remaining_time":5.916744636},
{"learn":[1071.54087],"iteration":52,"passed_time":0.3279313286,"remaining_time":5.85945223},
{"learn":[1071.010583],"iteration":53,"passed_time":0.3316768551,"remaining_time":5.810487127},
{"learn":[1070.548184],"iteration":54,"passed_time":0.3371104284,"remaining_time":5.792170088},
{"learn":[1070.020111],"iteration":55,"passed_time":0.3411377051,"remaining_time":5.750607029},
{"learn":[1069.562396],"iteration":56,"passed_time":0.3448084828,"remaining_time":5.704463145},
{"learn":[1069.203476],"iteration":57,"passed_time":0.3484893133,"remaining_time":5.659947123},
{"learn":[1068.655111],"iteration":58,"passed_time":0.3523645785,"remaining_time":5.619916413},
{"learn":[1068.053062],"iteration":59,"passed_time":0.3562207436,"remaining_time":5.58079165},
{"learn":[1067.888465],"iteration":60,"passed_time":0.3585281432,"remaining_time":5.5189824},
{"learn":[1067.428952],"iteration":61,"passed_time":0.3624182485,"remaining_time":5.483037372},
{"learn":[1067.065731],"iteration":62,"passed_time":0.3659634151,"remaining_time":5.442979681},
{"learn":[1066.524564],"iteration":63,"passed_time":0.3703947909,"remaining_time":5.417023817},
{"learn":[1066.066245],"iteration":64,"passed_time":0.3750325317,"remaining_time":5.394698726},
{"learn":[1065.314564],"iteration":65,"passed_time":0.3783490915,"remaining_time":5.354212901},
{"learn":[1064.92345],"iteration":66,"passed_time":0.3817354919,"remaining_time":5.315809164},
{"learn":[1064.181915],"iteration":67,"passed_time":0.3851058115,"remaining_time":5.278214946},
{"learn":[1064.065242],"iteration":68,"passed_time":0.3876319026,"remaining_time":5.230221758},
{"learn":[1063.798974],"iteration":69,"passed_time":0.3915199983,"remaining_time":5.201622834},
{"learn":[1063.270381],"iteration":70,"passed_time":0.3952211625,"remaining_time":5.171274084},
{"learn":[1062.822678],"iteration":71,"passed_time":0.399961698,"remaining_time":5.155061886},
{"learn":[1062.55199],"iteration":72,"passed_time":0.4036730881,"remaining_time":5.126095242},
{"learn":[1062.152318],"iteration":73,"passed_time":0.4072243744,"remaining_time":5.095807712},
{"learn":[1061.99598],"iteration":74,"passed_time":0.4109442859,"remaining_time":5.06831286},
{"learn":[1061.628544],"iteration":75,"passed_time":0.4143954895,"remaining_time":5.03817674},
{"learn":[1061.190435],"iteration":76,"passed_time":0.4178835065,"remaining_time":5.009175019},
{"learn":[1060.666948],"iteration":77,"passed_time":0.4215192257,"remaining_time":4.982573411},
{"learn":[1060.373738],"iteration":78,"passed_time":0.4249015258,"remaining_time":4.953598801},
{"learn":[1060.117328],"iteration":79,"passed_time":0.4281965758,"remaining_time":4.924260622},
{"learn":[1059.506076],"iteration":80,"passed_time":0.4316020043,"remaining_time":4.896817801},
{"learn":[1059.164921],"iteration":81,"passed_time":0.4352177331,"remaining_time":4.872315597},
{"learn":[1058.786961],"iteration":82,"passed_time":0.4393964514,"remaining_time":4.854536698},
{"learn":[1058.211647],"iteration":83,"passed_time":0.442938635,"remaining_time":4.830140353},
{"learn":[1057.776327],"iteration":84,"passed_time":0.4465899879,"remaining_time":4.80740987},
{"learn":[1057.212211],"iteration":85,"passed_time":0.4501280864,"remaining_time":4.78391943},
{"learn":[1056.8035],"iteration":86,"passed_time":0.4533765492,"remaining_time":4.757848155},
{"learn":[1056.31872],"iteration":87,"passed_time":0.4567249639,"remaining_time":4.733331444},
{"learn":[1056.212634],"iteration":88,"passed_time":0.4599469296,"remaining_time":4.7079961},
{"learn":[1055.824826],"iteration":89,"passed_time":0.4630511784,"remaining_time":4.681961915},
{"learn":[1055.621111],"iteration":90,"passed_time":0.4665755368,"remaining_time":4.660628164},
{"learn":[1055.08769],"iteration":91,"passed_time":0.4698740055,"remaining_time":4.637452141},
{"learn":[1054.912708],"iteration":92,"passed_time":0.473168444,"remaining_time":4.614664287},
{"learn":[1054.593385],"iteration":93,"passed_time":0.4764284456,"remaining_time":4.591959274},
{"learn":[1054.159897],"iteration":94,"passed_time":0.4795806755,"remaining_time":4.568636961},
{"learn":[1054.021321],"iteration":95,"passed_time":0.4850489962,"remaining_time":4.567544714},
{"learn":[1053.737942],"iteration":96,"passed_time":0.4886620385,"remaining_time":4.549090936},
{"learn":[1053.530133],"iteration":97,"passed_time":0.4918317825,"remaining_time":4.526859876},
{"learn":[1052.941912],"iteration":98,"passed_time":0.4949571246,"remaining_time":4.504609791},
{"learn":[1052.590244],"iteration":99,"passed_time":0.4982189809,"remaining_time":4.483970828},
{"learn":[1052.30849],"iteration":100,"passed_time":0.5012575785,"remaining_time":4.461688743},
{"learn":[1051.941785],"iteration":101,"passed_time":0.5042829241,"remaining_time":4.439667312},
{"learn":[1051.763835],"iteration":102,"passed_time":0.5072110989,"remaining_time":4.417168502},
{"learn":[1051.553199],"iteration":103,"passed_time":0.5102082576,"remaining_time":4.395640374},
{"learn":[1051.256069],"iteration":104,"passed_time":0.5141624844,"remaining_time":4.382623081},
{"learn":[1050.984794],"iteration":105,"passed_time":0.5176379999,"remaining_time":4.365739357},
{"learn":[1050.36846],"iteration":106,"passed_time":0.5207513714,"remaining_time":4.346083875},
{"learn":[1050.157984],"iteration":107,"passed_time":0.5241953124,"remaining_time":4.329464988},
{"learn":[1049.763588],"iteration":108,"passed_time":0.5276470279,"remaining_time":4.313151393},
{"learn":[1049.573291],"iteration":109,"passed_time":0.5308026463,"remaining_time":4.294675956},
{"learn":[1049.015956],"iteration":110,"passed_time":0.5340729737,"remaining_time":4.277395258},
{"learn":[1048.743821],"iteration":111,"passed_time":0.5374222207,"remaining_time":4.260990464},
{"learn":[1048.515425],"iteration":112,"passed_time":0.5406700359,"remaining_time":4.244020547},
{"learn":[1048.329406],"iteration":113,"passed_time":0.5437496183,"remaining_time":4.225983875},
{"learn":[1047.995337],"iteration":114,"passed_time":0.5468407185,"remaining_time":4.208295964},
{"learn":[1047.837734],"iteration":115,"passed_time":0.5498624347,"remaining_time":4.190330968},
{"learn":[1047.648353],"iteration":116,"passed_time":0.5533893036,"remaining_time":4.176433804},
{"learn":[1047.453608],"iteration":117,"passed_time":0.5577885141,"remaining_time":4.169232792},
{"learn":[1047.084165],"iteration":118,"passed_time":0.5614677127,"remaining_time":4.15674836},
{"learn":[1046.746154],"iteration":119,"passed_time":0.5645801825,"remaining_time":4.140254672},
{"learn":[1046.388669],"iteration":120,"passed_time":0.5682058509,"remaining_time":4.127710273},
{"learn":[1046.136148],"iteration":121,"passed_time":0.5717882812,"remaining_time":4.115000909},
{"learn":[1045.756509],"iteration":122,"passed_time":0.5751294576,"remaining_time":4.100719791},
{"learn":[1045.337889],"iteration":123,"passed_time":0.5786659967,"remaining_time":4.087995267},
{"learn":[1044.997542],"iteration":124,"passed_time":0.5822495543,"remaining_time":4.07574688},
{"learn":[1044.661049],"iteration":125,"passed_time":0.5857936725,"remaining_time":4.063362459},
{"learn":[1044.385144],"iteration":126,"passed_time":0.5894653725,"remaining_time":4.051994253},
{"learn":[1044.147072],"iteration":127,"passed_time":0.5930477569,"remaining_time":4.040137844},
{"learn":[1043.922616],"iteration":128,"passed_time":0.5965385552,"remaining_time":4.02779133},
{"learn":[1043.613506],"iteration":129,"passed_time":0.5998928704,"remaining_time":4.014667671},
{"learn":[1043.236819],"iteration":130,"passed_time":0.6031774842,"remaining_time":4.001230792},
{"learn":[1042.963455],"iteration":131,"passed_time":0.6065261995,"remaining_time":3.988369252},
{"learn":[1042.798652],"iteration":132,"passed_time":0.6100539565,"remaining_time":3.976817897},
{"learn":[1042.624512],"iteration":133,"passed_time":0.6134900021,"remaining_time":3.964793596},
{"learn":[1042.439253],"iteration":134,"passed_time":0.6170711637,"remaining_time":3.953826345},
{"learn":[1042.247303],"iteration":135,"passed_time":0.6203338664,"remaining_time":3.940944563},
{"learn":[1041.680693],"iteration":136,"passed_time":0.624253632,"remaining_time":3.932342222},
{"learn":[1041.481357],"iteration":137,"passed_time":0.6305085122,"remaining_time":3.93839375},
{"learn":[1041.099618],"iteration":138,"passed_time":0.6340354273,"remaining_time":3.927370524},
{"learn":[1040.938319],"iteration":139,"passed_time":0.6377728831,"remaining_time":3.91774771},
{"learn":[1040.699053],"iteration":140,"passed_time":0.6414233394,"remaining_time":3.907678359},
{"learn":[1040.334765],"iteration":141,"passed_time":0.64496048,"remaining_time":3.897014731},
{"learn":[1040.300456],"iteration":142,"passed_time":0.6472932833,"remaining_time":3.879233173},
{"learn":[1040.105272],"iteration":143,"passed_time":0.6506490665,"remaining_time":3.867747229},
{"learn":[1039.792056],"iteration":144,"passed_time":0.6542209946,"remaining_time":3.857647933},
{"learn":[1039.199771],"iteration":145,"passed_time":0.657618373,"remaining_time":3.846617058},
{"learn":[1039.00558],"iteration":146,"passed_time":0.660786142,"remaining_time":3.834357681},
{"learn":[1038.451738],"iteration":147,"passed_time":0.6640537228,"remaining_time":3.822795756},
{"learn":[1038.098487],"iteration":148,"passed_time":0.6676352095,"remaining_time":3.813138009},
{"learn":[1037.971709],"iteration":149,"passed_time":0.6719250739,"remaining_time":3.807575419},
{"learn":[1037.765625],"iteration":150,"passed_time":0.6763240179,"remaining_time":3.802642988},
{"learn":[1037.754252],"iteration":151,"passed_time":0.6783352448,"remaining_time":3.784396629},
{"learn":[1037.535716],"iteration":152,"passed_time":0.6816126303,"remaining_time":3.773371881},
{"learn":[1037.059286],"iteration":153,"passed_time":0.6848803572,"remaining_time":3.762394689},
{"learn":[1036.490255],"iteration":154,"passed_time":0.6881763839,"remaining_time":3.751671254},
{"learn":[1036.229295],"iteration":155,"passed_time":0.6914631482,"remaining_time":3.74099293},
{"learn":[1036.017577],"iteration":156,"passed_time":0.6945463947,"remaining_time":3.729315992},
{"learn":[1035.623632],"iteration":157,"passed_time":0.6977097526,"remaining_time":3.718174758},
{"learn":[1035.024196],"iteration":158,"passed_time":0.7023442908,"remaining_time":3.7149154},
{"learn":[1034.923286],"iteration":159,"passed_time":0.7066585914,"remaining_time":3.709957605},
{"learn":[1034.494195],"iteration":160,"passed_time":0.7099449195,"remaining_time":3.699650854},
{"learn":[1034.287182],"iteration":161,"passed_time":0.7130281496,"remaining_time":3.688380181},
{"learn":[1033.998293],"iteration":162,"passed_time":0.7161763149,"remaining_time":3.677543409},
{"learn":[1033.819931],"iteration":163,"passed_time":0.719595653,"remaining_time":3.668182719},
{"learn":[1033.544358],"iteration":164,"passed_time":0.722628557,"remaining_time":3.656938455},
{"learn":[1033.161986],"iteration":165,"passed_time":0.7259948471,"remaining_time":3.647468087},
{"learn":[1032.843508],"iteration":166,"passed_time":0.7291798942,"remaining_time":3.637166778},
{"learn":[1032.604749],"iteration":167,"passed_time":0.7323189205,"remaining_time":3.626722273},
{"learn":[1032.449332],"iteration":168,"passed_time":0.735359705,"remaining_time":3.615881153},
{"learn":[1032.018472],"iteration":169,"passed_time":0.7387039337,"remaining_time":3.606613323},
{"learn":[1031.695932],"iteration":170,"passed_time":0.7418591164,"remaining_time":3.59649829},
{"learn":[1031.402594],"iteration":171,"passed_time":0.7459991973,"remaining_time":3.591205438},
{"learn":[1031.188944],"iteration":172,"passed_time":0.749540348,"remaining_time":3.58306282},
{"learn":[1030.367262],"iteration":173,"passed_time":0.7526975304,"remaining_time":3.573150345},
{"learn":[1030.043309],"iteration":174,"passed_time":0.7561979687,"remaining_time":3.564933281},
{"learn":[1029.707777],"iteration":175,"passed_time":0.7597611693,"remaining_time":3.557063656},
{"learn":[1029.517911],"iteration":176,"passed_time":0.7628108864,"remaining_time":3.546855138},
{"learn":[1029.285487],"iteration":177,"passed_time":0.7689690547,"remaining_time":3.551081815},
{"learn":[1029.04735],"iteration":178,"passed_time":0.7735016179,"remaining_time":3.547736471},
{"learn":[1028.743341],"iteration":179,"passed_time":0.7770257359,"remaining_time":3.539783908},
{"learn":[1028.361737],"iteration":180,"passed_time":0.7801906077,"remaining_time":3.530254739},
{"learn":[1028.037754],"iteration":181,"passed_time":0.7833436538,"remaining_time":3.520742356},
{"learn":[1027.746077],"iteration":182,"passed_time":0.7865297591,"remaining_time":3.511447067},
{"learn":[1027.422474],"iteration":183,"passed_time":0.7896977746,"remaining_time":3.502137957},
{"learn":[1026.86445],"iteration":184,"passed_time":0.7929842229,"remaining_time":3.493416982},
{"learn":[1026.500833],"iteration":185,"passed_time":0.7959913368,"remaining_time":3.483531979},
{"learn":[1026.052182],"iteration":186,"passed_time":0.7990335692,"remaining_time":3.473873218},
{"learn":[1025.634259],"iteration":187,"passed_time":0.802407809,"remaining_time":3.465718835},
{"learn":[1025.255076],"iteration":188,"passed_time":0.8060151713,"remaining_time":3.458615364},
{"learn":[1024.586285],"iteration":189,"passed_time":0.8092706612,"remaining_time":3.450048608},
{"learn":[1024.375383],"iteration":190,"passed_time":0.8127620322,"remaining_time":3.442536566},
{"learn":[1024.075735],"iteration":191,"passed_time":0.8160830778,"remaining_time":3.434349619},
{"learn":[1023.836027],"iteration":192,"passed_time":0.8198932169,"remaining_time":3.428258166},
{"learn":[1023.252565],"iteration":193,"passed_time":0.8232853861,"remaining_time":3.420453717},
{"learn":[1022.929947],"iteration":194,"passed_time":0.8263833148,"remaining_time":3.411479838},
{"learn":[1022.574869],"iteration":195,"passed_time":0.8293667589,"remaining_time":3.402096297},
{"learn":[1022.078718],"iteration":196,"passed_time":0.8325460713,"remaining_time":3.393576118},
{"learn":[1021.681623],"iteration":197,"passed_time":0.8358400645,"remaining_time":3.385574403},
{"learn":[1021.377477],"iteration":198,"passed_time":0.8391383524,"remaining_time":3.377637288},
{"learn":[1021.071079],"iteration":199,"passed_time":0.8422100236,"remaining_time":3.368840095},
{"learn":[1020.64834],"iteration":200,"passed_time":0.8454884217,"remaining_time":3.360921636},
{"learn":[1020.178739],"iteration":201,"passed_time":0.8492746104,"remaining_time":3.355055144},
{"learn":[1019.951851],"iteration":202,"passed_time":0.8527907632,"remaining_time":3.348148957},
{"learn":[1019.47686],"iteration":203,"passed_time":0.856153414,"remaining_time":3.340677047},
{"learn":[1019.196144],"iteration":204,"passed_time":0.8590797545,"remaining_time":3.331553194},
{"learn":[1018.782664],"iteration":205,"passed_time":0.8622273026,"remaining_time":3.323342127},
{"learn":[1018.152736],"iteration":206,"passed_time":0.8651103636,"remaining_time":3.314166755},
{"learn":[1017.821482],"iteration":207,"passed_time":0.8680296502,"remaining_time":3.305189822},
{"learn":[1017.436132],"iteration":208,"passed_time":0.8709255694,"remaining_time":3.296182418},
{"learn":[1017.168486],"iteration":209,"passed_time":0.8762497964,"remaining_time":3.296368282},
{"learn":[1016.818494],"iteration":210,"passed_time":0.8800267971,"remaining_time":3.290716317},
{"learn":[1016.379813],"iteration":211,"passed_time":0.8834635897,"remaining_time":3.283817494},
{"learn":[1016.086949],"iteration":212,"passed_time":0.8865772669,"remaining_time":3.27575732},
{"learn":[1015.787907],"iteration":213,"passed_time":0.8897864762,"remaining_time":3.268094254},
{"learn":[1015.590979],"iteration":214,"passed_time":0.8939088127,"remaining_time":3.263806595},
{"learn":[1015.232245],"iteration":215,"passed_time":0.8991182906,"remaining_time":3.263466388},
{"learn":[1014.803924],"iteration":216,"passed_time":0.9024651464,"remaining_time":3.256360413},
{"learn":[1014.552658],"iteration":217,"passed_time":0.9056618989,"remaining_time":3.248750481},
{"learn":[1014.304824],"iteration":218,"passed_time":0.9087813959,"remaining_time":3.240905343},
{"learn":[1014.101352],"iteration":219,"passed_time":0.9118701159,"remaining_time":3.232994047},
{"learn":[1013.918811],"iteration":220,"passed_time":0.9152068711,"remaining_time":3.226000691},
{"learn":[1013.696414],"iteration":221,"passed_time":0.9187412493,"remaining_time":3.219732847},
{"learn":[1013.290247],"iteration":222,"passed_time":0.9219803583,"remaining_time":3.21246071},
{"learn":[1013.178163],"iteration":223,"passed_time":0.9251148984,"remaining_time":3.204862326},
{"learn":[1012.865039],"iteration":224,"passed_time":0.9285612603,"remaining_time":3.198377674},
{"learn":[1012.399164],"iteration":225,"passed_time":0.9319058255,"remaining_time":3.191571279},
{"learn":[1011.942419],"iteration":226,"passed_time":0.9351816571,"remaining_time":3.184561326},
{"learn":[1011.725956],"iteration":227,"passed_time":0.938336684,"remaining_time":3.177175088},
{"learn":[1011.447215],"iteration":228,"passed_time":0.9423515996,"remaining_time":3.172720888},
{"learn":[1011.333394],"iteration":229,"passed_time":0.9457357288,"remaining_time":3.166158744},
{"learn":[1010.935854],"iteration":230,"passed_time":0.9490725096,"remaining_time":3.159466493},
{"learn":[1010.722572],"iteration":231,"passed_time":0.9525892086,"remaining_time":3.15339876},
{"learn":[1010.393618],"iteration":232,"passed_time":0.9563130902,"remaining_time":3.148034936},
{"learn":[1010.075178],"iteration":233,"passed_time":0.9598511027,"remaining_time":3.142076687},
{"learn":[1009.845097],"iteration":234,"passed_time":0.9643256076,"remaining_time":3.139187616},
{"learn":[1009.58385],"iteration":235,"passed_time":0.9691572529,"remaining_time":3.137441276},
{"learn":[1009.254976],"iteration":236,"passed_time":0.9734061026,"remaining_time":3.133792643},
{"learn":[1008.778348],"iteration":237,"passed_time":0.9783305277,"remaining_time":3.132301942},
{"learn":[1008.55054],"iteration":238,"passed_time":0.9824447379,"remaining_time":3.128202701},
{"learn":[1008.404106],"iteration":239,"passed_time":0.9867517258,"remaining_time":3.124713798},
{"learn":[1008.122091],"iteration":240,"passed_time":0.9904660378,"remaining_time":3.119351546},
{"learn":[1007.835848],"iteration":241,"passed_time":0.9947769853,"remaining_time":3.115871714},
{"learn":[1007.661181],"iteration":242,"passed_time":0.9988314151,"remaining_time":3.111585931},
{"learn":[1007.426549],"iteration":243,"passed_time":1.002828591,"remaining_time":3.107124652},
{"learn":[1007.149263],"iteration":244,"passed_time":1.007881495,"remaining_time":3.105920524},
{"learn":[1006.808725],"iteration":245,"passed_time":1.013498831,"remaining_time":3.106415117},
{"learn":[1006.46842],"iteration":246,"passed_time":1.020277943,"remaining_time":3.110401988},
{"learn":[1006.259557],"iteration":247,"passed_time":1.026528592,"remaining_time":3.112699601},
{"learn":[1006.001438],"iteration":248,"passed_time":1.032485405,"remaining_time":3.114042327},
{"learn":[1005.662928],"iteration":249,"passed_time":1.03782034,"remaining_time":3.113461019},
{"learn":[1005.450641],"iteration":250,"passed_time":1.043434879,"remaining_time":3.113676193},
{"learn":[1005.070579],"iteration":251,"passed_time":1.051689331,"remaining_time":3.121681031},
{"learn":[1004.826801],"iteration":252,"passed_time":1.060383103,"remaining_time":3.130854457},
{"learn":[1004.492108],"iteration":253,"passed_time":1.067327877,"remaining_time":3.134750379},
{"learn":[1004.08505],"iteration":254,"passed_time":1.074362518,"remaining_time":3.138823828},
{"learn":[1003.727045],"iteration":255,"passed_time":1.081514009,"remaining_time":3.143150087},
{"learn":[1003.388215],"iteration":256,"passed_time":1.091300069,"remaining_time":3.155003701},
{"learn":[1002.994923],"iteration":257,"passed_time":1.099114587,"remaining_time":3.161019472},
{"learn":[1002.659986],"iteration":258,"passed_time":1.10731753,"remaining_time":3.168039729},
{"learn":[1002.414413],"iteration":259,"passed_time":1.114637251,"remaining_time":3.172429098},
{"learn":[1002.138846],"iteration":260,"passed_time":1.12346352,"remaining_time":3.180994411},
{"learn":[1001.885141],"iteration":261,"passed_time":1.132341149,"remaining_time":3.189571635},
{"learn":[1001.55765],"iteration":262,"passed_time":1.140381276,"remaining_time":3.195669203},
{"learn":[1001.244223],"iteration":263,"passed_time":1.147972571,"remaining_time":3.20040838},
{"learn":[1001.015632],"iteration":264,"passed_time":1.155712692,"remaining_time":3.205467277},
{"learn":[1000.455796],"iteration":265,"passed_time":1.162562597,"remaining_time":3.207973482},
{"learn":[1000.371222],"iteration":266,"passed_time":1.17026234,"remaining_time":3.212742679},
{"learn":[999.9641174],"iteration":267,"passed_time":1.177012654,"remaining_time":3.214825608},
{"learn":[999.6496928],"iteration":268,"passed_time":1.184967963,"remaining_time":3.220117401},
{"learn":[999.4005838],"iteration":269,"passed_time":1.192916253,"remaining_time":3.225292091},
{"learn":[999.203705],"iteration":270,"passed_time":1.201915805,"remaining_time":3.233197866},
{"learn":[999.0648102],"iteration":271,"passed_time":1.210134011,"remaining_time":3.238888089},
{"learn":[998.6991813],"iteration":272,"passed_time":1.218936766,"remaining_time":3.246033072},
{"learn":[998.3186091],"iteration":273,"passed_time":1.227329919,"remaining_time":3.251976354},
{"learn":[997.9673181],"iteration":274,"passed_time":1.236142508,"remaining_time":3.258921158},
{"learn":[997.7592393],"iteration":275,"passed_time":1.24488018,"remaining_time":3.265555255},
{"learn":[997.3650882],"iteration":276,"passed_time":1.252728318,"remaining_time":3.269756584},
{"learn":[997.1127716],"iteration":277,"passed_time":1.260547112,"remaining_time":3.273795017},
{"learn":[996.946863],"iteration":278,"passed_time":1.271006961,"remaining_time":3.284573546},
{"learn":[996.7114734],"iteration":279,"passed_time":1.283201295,"remaining_time":3.299660473},
{"learn":[996.359283],"iteration":280,"passed_time":1.292723285,"remaining_time":3.307715452},
{"learn":[996.164363],"iteration":281,"passed_time":1.301997655,"remaining_time":3.315015306},
{"learn":[995.6803722],"iteration":282,"passed_time":1.311422529,"remaining_time":3.322579339},
{"learn":[995.5164101],"iteration":283,"passed_time":1.32029073,"remaining_time":3.32862029},
{"learn":[995.2681619],"iteration":284,"passed_time":1.329365175,"remaining_time":3.335074036},
{"learn":[994.8772726],"iteration":285,"passed_time":1.340098479,"remaining_time":3.345560538},
{"learn":[994.5456911],"iteration":286,"passed_time":1.350150801,"remaining_time":3.35420739},
{"learn":[994.2957771],"iteration":287,"passed_time":1.364452013,"remaining_time":3.373228587},
{"learn":[994.0486862],"iteration":288,"passed_time":1.373012847,"remaining_time":3.377896659},
{"learn":[993.8328667],"iteration":289,"passed_time":1.381702689,"remaining_time":3.382789341},
{"learn":[993.5771958],"iteration":290,"passed_time":1.390202274,"remaining_time":3.387125129},
{"learn":[993.3264122],"iteration":291,"passed_time":1.399711557,"remaining_time":3.393821172},
{"learn":[992.996241],"iteration":292,"passed_time":1.408364203,"remaining_time":3.398339562},
{"learn":[992.7907898],"iteration":293,"passed_time":1.417138687,"remaining_time":3.403060929},
{"learn":[992.5239757],"iteration":294,"passed_time":1.424326522,"remaining_time":3.403898976},
{"learn":[992.2946146],"iteration":295,"passed_time":1.431164924,"remaining_time":3.40385171},
{"learn":[992.0821124],"iteration":296,"passed_time":1.437920526,"remaining_time":3.403562726},
{"learn":[991.9255196],"iteration":297,"passed_time":1.443472508,"remaining_time":3.400394968},
{"learn":[991.758098],"iteration":298,"passed_time":1.449682685,"remaining_time":3.398754388},
{"learn":[991.4099795],"iteration":299,"passed_time":1.456250489,"remaining_time":3.397917807},
{"learn":[991.2546828],"iteration":300,"passed_time":1.463025921,"remaining_time":3.397525311},
{"learn":[990.9078419],"iteration":301,"passed_time":1.47011315,"remaining_time":3.397811188},
{"learn":[990.5089964],"iteration":302,"passed_time":1.476335393,"remaining_time":3.396058642},
{"learn":[990.1867746],"iteration":303,"passed_time":1.482041197,"remaining_time":3.393094319},
{"learn":[989.7574104],"iteration":304,"passed_time":1.486706308,"remaining_time":3.387740603},
{"learn":[989.4479297],"iteration":305,"passed_time":1.492558752,"remaining_time":3.385084229},
{"learn":[989.292588],"iteration":306,"passed_time":1.499220468,"remaining_time":3.384233826},
{"learn":[989.1557682],"iteration":307,"passed_time":1.505027063,"remaining_time":3.38142444},
{"learn":[988.9471163],"iteration":308,"passed_time":1.509854819,"remaining_time":3.37640673},
{"learn":[988.625207],"iteration":309,"passed_time":1.514326501,"remaining_time":3.370597695},
{"learn":[988.2073585],"iteration":310,"passed_time":1.519107002,"remaining_time":3.36548143},
{"learn":[988.0096342],"iteration":311,"passed_time":1.52368589,"remaining_time":3.359922732},
{"learn":[987.8200499],"iteration":312,"passed_time":1.528183463,"remaining_time":3.354191817},
{"learn":[987.5088808],"iteration":313,"passed_time":1.532703627,"remaining_time":3.348518115},
{"learn":[987.2440851],"iteration":314,"passed_time":1.536890456,"remaining_time":3.342126865},
{"learn":[987.1412223],"iteration":315,"passed_time":1.541335673,"remaining_time":3.336308861},
{"learn":[986.9864762],"iteration":316,"passed_time":1.545325906,"remaining_time":3.329519223},
{"learn":[986.791565],"iteration":317,"passed_time":1.549182061,"remaining_time":3.32245964},
{"learn":[986.5268208],"iteration":318,"passed_time":1.552941953,"remaining_time":3.31521464},
{"learn":[986.2597516],"iteration":319,"passed_time":1.556805707,"remaining_time":3.308212128},
{"learn":[986.0149742],"iteration":320,"passed_time":1.561528509,"remaining_time":3.303046284},
{"learn":[985.7898768],"iteration":321,"passed_time":1.566137432,"remaining_time":3.297643413},
{"learn":[985.5874065],"iteration":322,"passed_time":1.56983824,"remaining_time":3.290342069},
{"learn":[985.3922338],"iteration":323,"passed_time":1.573736757,"remaining_time":3.283475457},
{"learn":[985.0120134],"iteration":324,"passed_time":1.577179023,"remaining_time":3.275679509},
{"learn":[984.7989286],"iteration":325,"passed_time":1.581375642,"remaining_time":3.269469886},
{"learn":[984.6710966],"iteration":326,"passed_time":1.585497789,"remaining_time":3.263119302},
{"learn":[984.4033441],"iteration":327,"passed_time":1.589325332,"remaining_time":3.256178728},
{"learn":[984.1252613],"iteration":328,"passed_time":1.592751472,"remaining_time":3.248438413},
{"learn":[983.9408797],"iteration":329,"passed_time":1.59627564,"remaining_time":3.240923269},
{"learn":[983.682128],"iteration":330,"passed_time":1.599614515,"remaining_time":3.233057736},
{"learn":[983.4592389],"iteration":331,"passed_time":1.603629737,"remaining_time":3.226580313},
{"learn":[983.3825107],"iteration":332,"passed_time":1.608536431,"remaining_time":3.221903302},
{"learn":[983.0281994],"iteration":333,"passed_time":1.613297323,"remaining_time":3.216934182},
{"learn":[982.8830361],"iteration":334,"passed_time":1.617062143,"remaining_time":3.209989031},
{"learn":[982.5133264],"iteration":335,"passed_time":1.620685135,"remaining_time":3.202782528},
{"learn":[982.2274173],"iteration":336,"passed_time":1.624137747,"remaining_time":3.195262097},
{"learn":[982.0308953],"iteration":337,"passed_time":1.628116472,"remaining_time":3.188796166},
{"learn":[981.7891585],"iteration":338,"passed_time":1.631496631,"remaining_time":3.181177797},
{"learn":[981.5806388],"iteration":339,"passed_time":1.634782895,"remaining_time":3.173402089},
{"learn":[981.31456],"iteration":340,"passed_time":1.638062059,"remaining_time":3.165638993},
{"learn":[981.0128499],"iteration":341,"passed_time":1.641509949,"remaining_time":3.158226743},
{"learn":[980.8931324],"iteration":342,"passed_time":1.644841857,"remaining_time":3.150615453},
{"learn":[980.7510711],"iteration":343,"passed_time":1.648185079,"remaining_time":3.143050616},
{"learn":[980.409366],"iteration":344,"passed_time":1.651227592,"remaining_time":3.134939341},
{"learn":[980.2088785],"iteration":345,"passed_time":1.654476255,"remaining_time":3.127247026},
{"learn":[979.9606439],"iteration":346,"passed_time":1.657813917,"remaining_time":3.119747803},
{"learn":[979.7141528],"iteration":347,"passed_time":1.661045523,"remaining_time":3.112073795},
{"learn":[979.3431904],"iteration":348,"passed_time":1.664255568,"remaining_time":3.104385029},
{"learn":[979.0726261],"iteration":349,"passed_time":1.667597366,"remaining_time":3.096966537},
{"learn":[978.8285637],"iteration":350,"passed_time":1.670641323,"remaining_time":3.089020566},
{"learn":[978.5541401],"iteration":351,"passed_time":1.674329795,"remaining_time":3.082288941},
{"learn":[978.3689074],"iteration":352,"passed_time":1.677930099,"remaining_time":3.075412958},
{"learn":[977.9922837],"iteration":353,"passed_time":1.682304217,"remaining_time":3.069967582},
{"learn":[977.6891776],"iteration":354,"passed_time":1.686156371,"remaining_time":3.063579886},
{"learn":[977.4042705],"iteration":355,"passed_time":1.68999813,"remaining_time":3.057187629},
{"learn":[977.2062588],"iteration":356,"passed_time":1.693383849,"remaining_time":3.049988278},
{"learn":[977.0170691],"iteration":357,"passed_time":1.696571773,"remaining_time":3.042455527},
{"learn":[976.7049878],"iteration":358,"passed_time":1.699994806,"remaining_time":3.035366771},
{"learn":[976.4419246],"iteration":359,"passed_time":1.703020862,"remaining_time":3.027592644},
{"learn":[976.0412912],"iteration":360,"passed_time":1.706415469,"remaining_time":3.020497188},
{"learn":[975.6395855],"iteration":361,"passed_time":1.70967914,"remaining_time":3.013191413},
{"learn":[975.394152],"iteration":362,"passed_time":1.713132103,"remaining_time":3.006240081},
{"learn":[975.194117],"iteration":363,"passed_time":1.716245561,"remaining_time":2.998714771},
{"learn":[975.1163267],"iteration":364,"passed_time":1.719388893,"remaining_time":2.991265608},
{"learn":[974.7603699],"iteration":365,"passed_time":1.722851751,"remaining_time":2.984393471},
{"learn":[974.5088677],"iteration":366,"passed_time":1.727139645,"remaining_time":2.97896293},
{"learn":[974.2096727],"iteration":367,"passed_time":1.731222978,"remaining_time":2.973187288},
{"learn":[973.9628684],"iteration":368,"passed_time":1.73467117,"remaining_time":2.96633471},
{"learn":[973.8501019],"iteration":369,"passed_time":1.73778392,"remaining_time":2.958929377},
{"learn":[973.6366211],"iteration":370,"passed_time":1.740794993,"remaining_time":2.9513748},
{"learn":[973.2294542],"iteration":371,"passed_time":1.743797215,"remaining_time":2.943829707},
{"learn":[973.0856865],"iteration":372,"passed_time":1.747059834,"remaining_time":2.936746691},
{"learn":[972.7453925],"iteration":373,"passed_time":1.75032978,"remaining_time":2.92969637},
{"learn":[972.5705581],"iteration":374,"passed_time":1.754797859,"remaining_time":2.924663098},
{"learn":[972.2604287],"iteration":375,"passed_time":1.758492146,"remaining_time":2.918348667},
{"learn":[972.1203766],"iteration":376,"passed_time":1.762266865,"remaining_time":2.912181053},
{"learn":[971.7993668],"iteration":377,"passed_time":1.766282543,"remaining_time":2.906422596},
{"learn":[971.3340864],"iteration":378,"passed_time":1.769750669,"remaining_time":2.899776162},
{"learn":[971.1068999],"iteration":379,"passed_time":1.773188885,"remaining_time":2.893097655},
{"learn":[970.8670672],"iteration":380,"passed_time":1.776946216,"remaining_time":2.886954614},
{"learn":[970.5202875],"iteration":381,"passed_time":1.780234619,"remaining_time":2.880065431},
{"learn":[970.3537623],"iteration":382,"passed_time":1.783560637,"remaining_time":2.873255648},
{"learn":[970.15336],"iteration":383,"passed_time":1.786865109,"remaining_time":2.866429446},
{"learn":[969.9236299],"iteration":384,"passed_time":1.790174666,"remaining_time":2.859629661},
{"learn":[969.8659919],"iteration":385,"passed_time":1.793293915,"remaining_time":2.852545243},
{"learn":[969.7451332],"iteration":386,"passed_time":1.796439628,"remaining_time":2.845523236},
{"learn":[969.5163815],"iteration":387,"passed_time":1.800628152,"remaining_time":2.840166054},
{"learn":[969.3814604],"iteration":388,"passed_time":1.8046165,"remaining_time":2.834500467},
{"learn":[968.9821499],"iteration":389,"passed_time":1.808694044,"remaining_time":2.828982992},
{"learn":[968.8867615],"iteration":390,"passed_time":1.812132836,"remaining_time":2.822477998},
{"learn":[968.8231014],"iteration":391,"passed_time":1.815313247,"remaining_time":2.815587893},
{"learn":[968.556402],"iteration":392,"passed_time":1.81865691,"remaining_time":2.808968815},
{"learn":[968.1538521],"iteration":393,"passed_time":1.821639111,"remaining_time":2.801810409},
{"learn":[967.801458],"iteration":394,"passed_time":1.824799341,"remaining_time":2.794945826},
{"learn":[967.5294498],"iteration":395,"passed_time":1.82795918,"remaining_time":2.788099355},
{"learn":[967.3092149],"iteration":396,"passed_time":1.83097658,"remaining_time":2.781055107},
{"learn":[967.0596831],"iteration":397,"passed_time":1.833869435,"remaining_time":2.773842714},
{"learn":[966.8542537],"iteration":398,"passed_time":1.836814353,"remaining_time":2.766730391},
{"learn":[966.784541],"iteration":399,"passed_time":1.840019295,"remaining_time":2.760028943},
{"learn":[966.613386],"iteration":400,"passed_time":1.842886977,"remaining_time":2.752841146},
{"learn":[966.5138659],"iteration":401,"passed_time":1.845713666,"remaining_time":2.745613862},
{"learn":[966.1427256],"iteration":402,"passed_time":1.84871287,"remaining_time":2.738663979},
{"learn":[965.8812493],"iteration":403,"passed_time":1.852274894,"remaining_time":2.732563952},
{"learn":[965.7836209],"iteration":404,"passed_time":1.855527808,"remaining_time":2.726022335},
{"learn":[965.5462051],"iteration":405,"passed_time":1.859900784,"remaining_time":2.721135629},
{"learn":[965.4385255],"iteration":406,"passed_time":1.863102882,"remaining_time":2.714545476},
{"learn":[965.1286223],"iteration":407,"passed_time":1.866128286,"remaining_time":2.707715552},
{"learn":[964.9950279],"iteration":408,"passed_time":1.869188329,"remaining_time":2.700954285},
{"learn":[964.9161733],"iteration":409,"passed_time":1.873083221,"remaining_time":2.695412441},
{"learn":[964.8546993],"iteration":410,"passed_time":1.876942635,"remaining_time":2.689827767},
{"learn":[964.4579906],"iteration":411,"passed_time":1.879947914,"remaining_time":2.68303246},
{"learn":[964.2504673],"iteration":412,"passed_time":1.883238193,"remaining_time":2.676660579},
{"learn":[963.9141324],"iteration":413,"passed_time":1.886531308,"remaining_time":2.6703076},
{"learn":[963.644149],"iteration":414,"passed_time":1.889678635,"remaining_time":2.663763859},
{"learn":[963.4477908],"iteration":415,"passed_time":1.893219169,"remaining_time":2.657788449},
{"learn":[963.1300147],"iteration":416,"passed_time":1.896720885,"remaining_time":2.651770446},
{"learn":[962.9166597],"iteration":417,"passed_time":1.899719207,"remaining_time":2.645063585},
{"learn":[962.6213092],"iteration":418,"passed_time":1.902801681,"remaining_time":2.638491114},
{"learn":[962.3720964],"iteration":419,"passed_time":1.905678497,"remaining_time":2.631651257},
{"learn":[962.0874681],"iteration":420,"passed_time":1.908466789,"remaining_time":2.624708481},
{"learn":[961.8804716],"iteration":421,"passed_time":1.911431716,"remaining_time":2.618027327},
{"learn":[961.6497756],"iteration":422,"passed_time":1.914372934,"remaining_time":2.611331401},
{"learn":[961.4951777],"iteration":423,"passed_time":1.917436635,"remaining_time":2.604819579},
{"learn":[961.2978438],"iteration":424,"passed_time":1.92032707,"remaining_time":2.598089565},
{"learn":[961.0287593],"iteration":425,"passed_time":1.923438968,"remaining_time":2.591675981},
{"learn":[960.7093586],"iteration":426,"passed_time":1.926383003,"remaining_time":2.585052601},
{"learn":[960.423863],"iteration":427,"passed_time":1.929622818,"remaining_time":2.57884171},
{"learn":[960.2409296],"iteration":428,"passed_time":1.934017708,"remaining_time":2.574182077},
{"learn":[960.0192715],"iteration":429,"passed_time":1.937822177,"remaining_time":2.568741025},
{"learn":[959.7205137],"iteration":430,"passed_time":1.941402572,"remaining_time":2.563011748},
{"learn":[959.6211014],"iteration":431,"passed_time":1.945327862,"remaining_time":2.557745892},
{"learn":[959.5479856],"iteration":432,"passed_time":1.949163906,"remaining_time":2.552369364},
{"learn":[959.4018389],"iteration":433,"passed_time":1.952667442,"remaining_time":2.546566295},
{"learn":[959.2459755],"iteration":434,"passed_time":1.955946672,"remaining_time":2.540482459},
{"learn":[959.0247464],"iteration":435,"passed_time":1.959105242,"remaining_time":2.534255405},
{"learn":[958.8896771],"iteration":436,"passed_time":1.962172203,"remaining_time":2.527924371},
{"learn":[958.7314186],"iteration":437,"passed_time":1.965361035,"remaining_time":2.521764615},
{"learn":[958.5537486],"iteration":438,"passed_time":1.968864064,"remaining_time":2.516019908},
{"learn":[958.1951981],"iteration":439,"passed_time":1.972108131,"remaining_time":2.509955803},
{"learn":[957.8722804],"iteration":440,"passed_time":1.975134413,"remaining_time":2.503628428},
{"learn":[957.6561326],"iteration":441,"passed_time":1.978687218,"remaining_time":2.497980696},
{"learn":[957.5992546],"iteration":442,"passed_time":1.98198893,"remaining_time":2.492026713},
{"learn":[957.2761939],"iteration":443,"passed_time":1.985295369,"remaining_time":2.486090597},
{"learn":[957.0787904],"iteration":444,"passed_time":1.988360439,"remaining_time":2.479865266},
{"learn":[956.780605],"iteration":445,"passed_time":1.991472672,"remaining_time":2.473712691},
{"learn":[956.6770593],"iteration":446,"passed_time":1.994525347,"remaining_time":2.467500037},
{"learn":[956.3838063],"iteration":447,"passed_time":1.997692444,"remaining_time":2.461442475},
{"learn":[956.1750305],"iteration":448,"passed_time":2.000703788,"remaining_time":2.455206654},
{"learn":[956.0237188],"iteration":449,"passed_time":2.00371013,"remaining_time":2.448979048},
{"learn":[955.8955085],"iteration":450,"passed_time":2.006749877,"remaining_time":2.442806391},
{"learn":[955.7919194],"iteration":451,"passed_time":2.009763497,"remaining_time":2.436615921},
{"learn":[955.6632391],"iteration":452,"passed_time":2.012626106,"remaining_time":2.43025713},
{"learn":[955.4487719],"iteration":453,"passed_time":2.015937016,"remaining_time":2.424452887},
{"learn":[955.3556205],"iteration":454,"passed_time":2.020631393,"remaining_time":2.420316724},
{"learn":[954.9800417],"iteration":455,"passed_time":2.02395591,"remaining_time":2.414543892},
{"learn":[954.919393],"iteration":456,"passed_time":2.027009681,"remaining_time":2.408460081},
{"learn":[954.6519115],"iteration":457,"passed_time":2.030078641,"remaining_time":2.402407475},
{"learn":[954.3949074],"iteration":458,"passed_time":2.033313109,"remaining_time":2.396562945},
{"learn":[954.247485],"iteration":459,"passed_time":2.036302387,"remaining_time":2.390441933},
{"learn":[954.1217456],"iteration":460,"passed_time":2.039119201,"remaining_time":2.384132862},
{"learn":[954.0200416],"iteration":461,"passed_time":2.042035977,"remaining_time":2.377955316},
{"learn":[953.7100761],"iteration":462,"passed_time":2.044942036,"remaining_time":2.371779424},
{"learn":[953.5428495],"iteration":463,"passed_time":2.047803623,"remaining_time":2.365566254},
{"learn":[953.3938261],"iteration":464,"passed_time":2.050661,"remaining_time":2.359362655},
{"learn":[953.2316602],"iteration":465,"passed_time":2.053636173,"remaining_time":2.353308404},
{"learn":[952.9897579],"iteration":466,"passed_time":2.056526372,"remaining_time":2.347170356},
{"learn":[952.9276569],"iteration":467,"passed_time":2.059638169,"remaining_time":2.34129809},
{"learn":[952.7070314],"iteration":468,"passed_time":2.063239151,"remaining_time":2.335991449},
{"learn":[952.5514356],"iteration":469,"passed_time":2.066748492,"remaining_time":2.330588725},
{"learn":[952.2878483],"iteration":470,"passed_time":2.070188031,"remaining_time":2.325115644},
{"learn":[952.2150567],"iteration":471,"passed_time":2.073435406,"remaining_time":2.319436217},
{"learn":[952.0273264],"iteration":472,"passed_time":2.076539815,"remaining_time":2.313607786},
{"learn":[951.6335581],"iteration":473,"passed_time":2.079513685,"remaining_time":2.307645988},
{"learn":[951.5349507],"iteration":474,"passed_time":2.082439214,"remaining_time":2.301643341},
{"learn":[951.176848],"iteration":475,"passed_time":2.085364822,"remaining_time":2.295653711},
{"learn":[951.0789326],"iteration":476,"passed_time":2.088327574,"remaining_time":2.289717654},
{"learn":[950.9325167],"iteration":477,"passed_time":2.091325124,"remaining_time":2.283832039},
{"learn":[950.8092613],"iteration":478,"passed_time":2.094728246,"remaining_time":2.278399616},
{"learn":[950.6875641],"iteration":479,"passed_time":2.098068751,"remaining_time":2.272907814},
{"learn":[950.5237804],"iteration":480,"passed_time":2.10110177,"remaining_time":2.267093178},
{"learn":[950.2961585],"iteration":481,"passed_time":2.104330162,"remaining_time":2.26150005},
{"learn":[950.1932604],"iteration":482,"passed_time":2.10760458,"remaining_time":2.255965979},
{"learn":[950.0943613],"iteration":483,"passed_time":2.111449607,"remaining_time":2.251049581},
{"learn":[949.7364178],"iteration":484,"passed_time":2.114477042,"remaining_time":2.245269437},
{"learn":[949.56055],"iteration":485,"passed_time":2.117497901,"remaining_time":2.239493665},
{"learn":[949.4632788],"iteration":486,"passed_time":2.120485039,"remaining_time":2.233693685},
{"learn":[949.4135828],"iteration":487,"passed_time":2.123367714,"remaining_time":2.227795635},
{"learn":[949.335401],"iteration":488,"passed_time":2.126207005,"remaining_time":2.22186458},
{"learn":[949.2027586],"iteration":489,"passed_time":2.129543229,"remaining_time":2.216463361},
{"learn":[948.9806491],"iteration":490,"passed_time":2.132849357,"remaining_time":2.211039353},
{"learn":[948.8191861],"iteration":491,"passed_time":2.136673531,"remaining_time":2.20615885},
{"learn":[948.5932225],"iteration":492,"passed_time":2.140116158,"remaining_time":2.200890248},
{"learn":[948.4124848],"iteration":493,"passed_time":2.143227691,"remaining_time":2.195289902},
{"learn":[948.1960339],"iteration":494,"passed_time":2.146331799,"remaining_time":2.189692037},
{"learn":[947.9871968],"iteration":495,"passed_time":2.149549408,"remaining_time":2.18421956},
{"learn":[947.9278287],"iteration":496,"passed_time":2.152554212,"remaining_time":2.178540782},
{"learn":[947.7472464],"iteration":497,"passed_time":2.155361903,"remaining_time":2.172674047},
{"learn":[947.5654717],"iteration":498,"passed_time":2.158261947,"remaining_time":2.166912295},
{"learn":[947.4826597],"iteration":499,"passed_time":2.161163449,"remaining_time":2.161163449},
{"learn":[947.3209671],"iteration":500,"passed_time":2.164794592,"remaining_time":2.156152698},
{"learn":[947.2326577],"iteration":501,"passed_time":2.168255214,"remaining_time":2.15097828},
{"learn":[947.0757086],"iteration":502,"passed_time":2.17125493,"remaining_time":2.145355268},
{"learn":[946.9295886],"iteration":503,"passed_time":2.17446055,"remaining_time":2.139945303},
{"learn":[946.7605865],"iteration":504,"passed_time":2.177537529,"remaining_time":2.134417974},
{"learn":[946.4177104],"iteration":505,"passed_time":2.180649047,"remaining_time":2.12893405},
{"learn":[946.2258956],"iteration":506,"passed_time":2.183966102,"remaining_time":2.123659346},
{"learn":[946.1062077],"iteration":507,"passed_time":2.187168659,"remaining_time":2.118281457},
{"learn":[945.9530287],"iteration":508,"passed_time":2.190895558,"remaining_time":2.113417915},
{"learn":[945.6558955],"iteration":509,"passed_time":2.193956037,"remaining_time":2.107918545},
{"learn":[945.5610427],"iteration":510,"passed_time":2.196786806,"remaining_time":2.1022089},
{"learn":[945.3960758],"iteration":511,"passed_time":2.19961947,"remaining_time":2.096512307},
{"learn":[945.2592232],"iteration":512,"passed_time":2.202363801,"remaining_time":2.090743024},
{"learn":[945.1103802],"iteration":513,"passed_time":2.205236656,"remaining_time":2.085107033},
{"learn":[944.9580266],"iteration":514,"passed_time":2.208232847,"remaining_time":2.079597924},
{"learn":[944.785654],"iteration":515,"passed_time":2.211947581,"remaining_time":2.074772537},
{"learn":[944.62146],"iteration":516,"passed_time":2.215112317,"remaining_time":2.069437619},
{"learn":[944.3107862],"iteration":517,"passed_time":2.218192621,"remaining_time":2.064032516},
{"learn":[944.0853058],"iteration":518,"passed_time":2.221310665,"remaining_time":2.058671348},
{"learn":[943.8049783],"iteration":519,"passed_time":2.224537071,"remaining_time":2.053418835},
{"learn":[943.5314758],"iteration":520,"passed_time":2.22830743,"remaining_time":2.048674201},
{"learn":[943.443956],"iteration":521,"passed_time":2.231455299,"remaining_time":2.043363281},
{"learn":[943.3198429],"iteration":522,"passed_time":2.234327543,"remaining_time":2.03780925},
{"learn":[943.1950126],"iteration":523,"passed_time":2.237764832,"remaining_time":2.03277874},
{"learn":[943.0492247],"iteration":524,"passed_time":2.241722146,"remaining_time":2.028224799},
{"learn":[942.7870853],"iteration":525,"passed_time":2.245149215,"remaining_time":2.0231953},
{"learn":[942.6746488],"iteration":526,"passed_time":2.248101761,"remaining_time":2.017745983},
{"learn":[942.3683517],"iteration":527,"passed_time":2.250941754,"remaining_time":2.012205507},
{"learn":[942.0899062],"iteration":528,"passed_time":2.253869096,"remaining_time":2.006753014},
{"learn":[941.9145653],"iteration":529,"passed_time":2.256730352,"remaining_time":2.001251444},
{"learn":[941.7595408],"iteration":530,"passed_time":2.25968968,"remaining_time":1.99584644},
{"learn":[941.429105],"iteration":531,"passed_time":2.262556907,"remaining_time":1.99036961},
{"learn":[941.2671052],"iteration":532,"passed_time":2.265573499,"remaining_time":1.985033441},
{"learn":[940.9982863],"iteration":533,"passed_time":2.268707749,"remaining_time":1.979808635},
{"learn":[940.8594966],"iteration":534,"passed_time":2.271727755,"remaining_time":1.974492348},
{"learn":[940.5292218],"iteration":535,"passed_time":2.274669093,"remaining_time":1.969116529},
{"learn":[940.3668172],"iteration":536,"passed_time":2.277550535,"remaining_time":1.963698133},
{"learn":[940.2176212],"iteration":537,"passed_time":2.281524768,"remaining_time":1.959227589},
{"learn":[940.1378228],"iteration":538,"passed_time":2.28491756,"remaining_time":1.954261586},
{"learn":[939.8841946],"iteration":539,"passed_time":2.288889562,"remaining_time":1.949794812},
{"learn":[939.6398755],"iteration":540,"passed_time":2.291996553,"remaining_time":1.944595966},
{"learn":[939.3023717],"iteration":541,"passed_time":2.2951792,"remaining_time":1.93946877},
{"learn":[939.0607884],"iteration":542,"passed_time":2.298318341,"remaining_time":1.934312121},
{"learn":[938.8039564],"iteration":543,"passed_time":2.301974632,"remaining_time":1.929596383},
{"learn":[938.5968871],"iteration":544,"passed_time":2.305313287,"remaining_time":1.92461935},
{"learn":[938.3595485],"iteration":545,"passed_time":2.308829726,"remaining_time":1.919796146},
{"learn":[938.1964862],"iteration":546,"passed_time":2.311949003,"remaining_time":1.914648808},
{"learn":[937.913206],"iteration":547,"passed_time":2.314924366,"remaining_time":1.909390171},
{"learn":[937.5637228],"iteration":548,"passed_time":2.317859148,"remaining_time":1.904106513},
{"learn":[937.3033877],"iteration":549,"passed_time":2.321228245,"remaining_time":1.899186746},
{"learn":[937.1865033],"iteration":550,"passed_time":2.324807602,"remaining_time":1.894443944},
{"learn":[937.0723221],"iteration":551,"passed_time":2.328821846,"remaining_time":1.890058309},
{"learn":[936.8791628],"iteration":552,"passed_time":2.332149107,"remaining_time":1.885118717},
{"learn":[936.8145866],"iteration":553,"passed_time":2.33568576,"remaining_time":1.880353518},
{"learn":[936.7238087],"iteration":554,"passed_time":2.339113415,"remaining_time":1.875505351},
{"learn":[936.4856684],"iteration":555,"passed_time":2.342453043,"remaining_time":1.870591999},
{"learn":[936.3321558],"iteration":556,"passed_time":2.345629458,"remaining_time":1.865554488},
{"learn":[936.1171342],"iteration":557,"passed_time":2.348967577,"remaining_time":1.860651737},
{"learn":[936.0360585],"iteration":558,"passed_time":2.352600169,"remaining_time":1.855986895},
{"learn":[935.8710995],"iteration":559,"passed_time":2.35629005,"remaining_time":1.851370753},
{"learn":[935.7210772],"iteration":560,"passed_time":2.359846794,"remaining_time":1.84665373},
{"learn":[935.4730047],"iteration":561,"passed_time":2.36351873,"remaining_time":1.842030612},
{"learn":[935.325541],"iteration":562,"passed_time":2.366883737,"remaining_time":1.837172634},
{"learn":[935.2613938],"iteration":563,"passed_time":2.370184857,"remaining_time":1.832270563},
{"learn":[934.9465242],"iteration":564,"passed_time":2.373485687,"remaining_time":1.827373936},
{"learn":[934.8290249],"iteration":565,"passed_time":2.377151081,"remaining_time":1.82276249},
{"learn":[934.6285178],"iteration":566,"passed_time":2.380633052,"remaining_time":1.818014306},
{"learn":[934.3348178],"iteration":567,"passed_time":2.384088146,"remaining_time":1.813250139},
{"learn":[934.0653044],"iteration":568,"passed_time":2.387940185,"remaining_time":1.808791248},
{"learn":[933.9000078],"iteration":569,"passed_time":2.391537714,"remaining_time":1.804142486},
{"learn":[933.6972925],"iteration":570,"passed_time":2.395876847,"remaining_time":1.800054584},
{"learn":[933.5885023],"iteration":571,"passed_time":2.400896636,"remaining_time":1.796475106},
{"learn":[933.3576034],"iteration":572,"passed_time":2.404972957,"remaining_time":1.792187526},
{"learn":[933.0749485],"iteration":573,"passed_time":2.40905819,"remaining_time":1.787907298},
{"learn":[932.9297751],"iteration":574,"passed_time":2.412906285,"remaining_time":1.783452471},
{"learn":[932.7165373],"iteration":575,"passed_time":2.416954108,"remaining_time":1.779146774},
{"learn":[932.5286573],"iteration":576,"passed_time":2.42072371,"remaining_time":1.774638006},
{"learn":[932.3756652],"iteration":577,"passed_time":2.425026873,"remaining_time":1.77052135},
{"learn":[932.1440848],"iteration":578,"passed_time":2.431213485,"remaining_time":1.767773536},
{"learn":[931.9878904],"iteration":579,"passed_time":2.436092721,"remaining_time":1.764067142},
{"learn":[931.9197662],"iteration":580,"passed_time":2.44004186,"remaining_time":1.759685954},
{"learn":[931.5683255],"iteration":581,"passed_time":2.443970338,"remaining_time":1.755291411},
{"learn":[931.3974853],"iteration":582,"passed_time":2.448592665,"remaining_time":1.751394754},
{"learn":[931.1785631],"iteration":583,"passed_time":2.453335266,"remaining_time":1.747581285},
{"learn":[930.9949233],"iteration":584,"passed_time":2.457656604,"remaining_time":1.743465796},
{"learn":[930.8400422],"iteration":585,"passed_time":2.462553123,"remaining_time":1.739755961},
{"learn":[930.5862208],"iteration":586,"passed_time":2.467597946,"remaining_time":1.736146425},
{"learn":[930.3644472],"iteration":587,"passed_time":2.471699751,"remaining_time":1.731871254},
{"learn":[930.1657027],"iteration":588,"passed_time":2.476380986,"remaining_time":1.728000994},
{"learn":[930.0887269],"iteration":589,"passed_time":2.48103347,"remaining_time":1.724108005},
{"learn":[929.8383374],"iteration":590,"passed_time":2.485148578,"remaining_time":1.719840556},
{"learn":[929.6560104],"iteration":591,"passed_time":2.489627364,"remaining_time":1.715824264},
{"learn":[929.5036026],"iteration":592,"passed_time":2.493894034,"remaining_time":1.71166083},
{"learn":[929.4567187],"iteration":593,"passed_time":2.498702586,"remaining_time":1.707867424},
{"learn":[929.3240392],"iteration":594,"passed_time":2.504075051,"remaining_time":1.704454446},
{"learn":[929.1631638],"iteration":595,"passed_time":2.509931079,"remaining_time":1.701362678},
{"learn":[929.0057208],"iteration":596,"passed_time":2.515625922,"remaining_time":1.698152842},
{"learn":[928.8285388],"iteration":597,"passed_time":2.520873065,"remaining_time":1.694633733},
{"learn":[928.6616729],"iteration":598,"passed_time":2.525229216,"remaining_time":1.69051238},
{"learn":[928.5890943],"iteration":599,"passed_time":2.529976273,"remaining_time":1.686650849},
{"learn":[928.3836994],"iteration":600,"passed_time":2.535248519,"remaining_time":1.68313504},
{"learn":[928.2409532],"iteration":601,"passed_time":2.5399357,"remaining_time":1.679226593},
{"learn":[928.1503005],"iteration":602,"passed_time":2.545464649,"remaining_time":1.67586976},
{"learn":[927.8118623],"iteration":603,"passed_time":2.550816662,"remaining_time":1.672389732},
{"learn":[927.5745275],"iteration":604,"passed_time":2.55681137,"remaining_time":1.669323126},
{"learn":[927.4306936],"iteration":605,"passed_time":2.561804142,"remaining_time":1.665595432},
{"learn":[927.2704144],"iteration":606,"passed_time":2.566208079,"remaining_time":1.661482331},
{"learn":[927.087122],"iteration":607,"passed_time":2.570771743,"remaining_time":1.657471255},
{"learn":[926.9029092],"iteration":608,"passed_time":2.574935419,"remaining_time":1.653201558},
{"learn":[926.6870472],"iteration":609,"passed_time":2.578831635,"remaining_time":1.648761209},
{"learn":[926.4997959],"iteration":610,"passed_time":2.582698898,"remaining_time":1.644304209},
{"learn":[926.44338],"iteration":611,"passed_time":2.586732154,"remaining_time":1.639954372},
{"learn":[926.1352242],"iteration":612,"passed_time":2.590560696,"remaining_time":1.635476328},
{"learn":[925.8862213],"iteration":613,"passed_time":2.594428219,"remaining_time":1.631024907},
{"learn":[925.7675012],"iteration":614,"passed_time":2.598355614,"remaining_time":1.626612864},
{"learn":[925.6366203],"iteration":615,"passed_time":2.602337677,"remaining_time":1.622236474},
{"learn":[925.4193838],"iteration":616,"passed_time":2.606477161,"remaining_time":1.61795908},
{"learn":[925.3118201],"iteration":617,"passed_time":2.610367859,"remaining_time":1.613528353},
{"learn":[925.1633355],"iteration":618,"passed_time":2.614713398,"remaining_time":1.609379329},
{"learn":[924.9460954],"iteration":619,"passed_time":2.618472433,"remaining_time":1.604870201},
{"learn":[924.8868496],"iteration":620,"passed_time":2.622768383,"remaining_time":1.600691171},
{"learn":[924.7164364],"iteration":621,"passed_time":2.627115506,"remaining_time":1.596542864},
{"learn":[924.6152559],"iteration":622,"passed_time":2.6307453,"remaining_time":1.591959837},
{"learn":[924.5535156],"iteration":623,"passed_time":2.634289138,"remaining_time":1.58732807},
{"learn":[924.5030409],"iteration":624,"passed_time":2.637685594,"remaining_time":1.582611356},
{"learn":[924.3738053],"iteration":625,"passed_time":2.641381344,"remaining_time":1.578077672},
{"learn":[924.193489],"iteration":626,"passed_time":2.645061486,"remaining_time":1.573537375},
{"learn":[924.0897918],"iteration":627,"passed_time":2.648850872,"remaining_time":1.569064529},
{"learn":[923.9526114],"iteration":628,"passed_time":2.652280602,"remaining_time":1.564381722},
{"learn":[923.7671917],"iteration":629,"passed_time":2.655774574,"remaining_time":1.559740623},
{"learn":[923.6718592],"iteration":630,"passed_time":2.658909931,"remaining_time":1.554893446},
{"learn":[923.5364538],"iteration":631,"passed_time":2.662978622,"remaining_time":1.550595147},
{"learn":[923.4944224],"iteration":632,"passed_time":2.666941246,"remaining_time":1.546236078},
{"learn":[923.369359],"iteration":633,"passed_time":2.670834515,"remaining_time":1.541838221},
{"learn":[923.2812308],"iteration":634,"passed_time":2.674427862,"remaining_time":1.537269558},
{"learn":[923.0271258],"iteration":635,"passed_time":2.677688014,"remaining_time":1.532513266},
{"learn":[922.9102213],"iteration":636,"passed_time":2.681026679,"remaining_time":1.527806412},
{"learn":[922.8432302],"iteration":637,"passed_time":2.684200357,"remaining_time":1.523010234},
{"learn":[922.6195625],"iteration":638,"passed_time":2.68755779,"remaining_time":1.518322946},
{"learn":[922.4904189],"iteration":639,"passed_time":2.690694451,"remaining_time":1.513515629},
{"learn":[922.3134979],"iteration":640,"passed_time":2.693704272,"remaining_time":1.508642486},
{"learn":[922.0619631],"iteration":641,"passed_time":2.696796851,"remaining_time":1.503821297},
{"learn":[921.9408192],"iteration":642,"passed_time":2.700136895,"remaining_time":1.499142879},
{"learn":[921.7917475],"iteration":643,"passed_time":2.703191107,"remaining_time":1.494310612},
{"learn":[921.6036576],"iteration":644,"passed_time":2.706252969,"remaining_time":1.489488068},
{"learn":[921.3299297],"iteration":645,"passed_time":2.709314921,"remaining_time":1.484671025},
{"learn":[921.1551077],"iteration":646,"passed_time":2.712467146,"remaining_time":1.479908659},
{"learn":[920.9491003],"iteration":647,"passed_time":2.715534166,"remaining_time":1.475104979},
{"learn":[920.854369],"iteration":648,"passed_time":2.718639728,"remaining_time":1.470327496},
{"learn":[920.7471262],"iteration":649,"passed_time":2.721502518,"remaining_time":1.465424433},
{"learn":[920.653575],"iteration":650,"passed_time":2.724397971,"remaining_time":1.460545149},
{"learn":[920.5293284],"iteration":651,"passed_time":2.727529258,"remaining_time":1.455797825},
{"learn":[920.3181782],"iteration":652,"passed_time":2.730823339,"remaining_time":1.451141958},
{"learn":[920.1240204],"iteration":653,"passed_time":2.734338781,"remaining_time":1.446607367},
{"learn":[919.9462179],"iteration":654,"passed_time":2.73892198,"remaining_time":1.442638295},
{"learn":[919.7393774],"iteration":655,"passed_time":2.742844492,"remaining_time":1.438320892},
{"learn":[919.6338798],"iteration":656,"passed_time":2.7462971,"remaining_time":1.433759369},
{"learn":[919.4597918],"iteration":657,"passed_time":2.749509963,"remaining_time":1.429076607},
{"learn":[919.3591573],"iteration":658,"passed_time":2.752599143,"remaining_time":1.424334306},
{"learn":[919.1452493],"iteration":659,"passed_time":2.755699382,"remaining_time":1.419602712},
{"learn":[919.0002617],"iteration":660,"passed_time":2.758936436,"remaining_time":1.414946221},
{"learn":[918.7438255],"iteration":661,"passed_time":2.762248288,"remaining_time":1.410332208},
{"learn":[918.6234446],"iteration":662,"passed_time":2.766656145,"remaining_time":1.406279217},
{"learn":[918.5225163],"iteration":663,"passed_time":2.771809106,"remaining_time":1.402602198},
{"learn":[918.348638],"iteration":664,"passed_time":2.775108632,"remaining_time":1.397987055},
{"learn":[918.0538417],"iteration":665,"passed_time":2.778353525,"remaining_time":1.393348465},
{"learn":[918.0127702],"iteration":666,"passed_time":2.781575196,"remaining_time":1.388702459},
{"learn":[917.7959768],"iteration":667,"passed_time":2.784860852,"remaining_time":1.384092519},
{"learn":[917.6345647],"iteration":668,"passed_time":2.788127851,"remaining_time":1.379477307},
{"learn":[917.5959831],"iteration":669,"passed_time":2.791670737,"remaining_time":1.375002005},
{"learn":[917.3689336],"iteration":670,"passed_time":2.796271239,"remaining_time":1.371048044},
{"learn":[917.2269728],"iteration":671,"passed_time":2.800229602,"remaining_time":1.366778734},
{"learn":[916.9215105],"iteration":672,"passed_time":2.804201399,"remaining_time":1.362516876},
{"learn":[916.8329215],"iteration":673,"passed_time":2.808340056,"remaining_time":1.358336585},
{"learn":[916.4399311],"iteration":674,"passed_time":2.813329229,"remaining_time":1.354565925},
{"learn":[916.2666198],"iteration":675,"passed_time":2.819653569,"remaining_time":1.351431592},
{"learn":[916.183493],"iteration":676,"passed_time":2.823934705,"remaining_time":1.347313013},
{"learn":[916.0839694],"iteration":677,"passed_time":2.828102511,"remaining_time":1.343140131},
{"learn":[915.9938379],"iteration":678,"passed_time":2.832409704,"remaining_time":1.339033159},
{"learn":[915.8272528],"iteration":679,"passed_time":2.837259571,"remaining_time":1.335180974},
{"learn":[915.6951486],"iteration":680,"passed_time":2.841659999,"remaining_time":1.33111533},
{"learn":[915.4123443],"iteration":681,"passed_time":2.846337214,"remaining_time":1.327177763},
{"learn":[915.15299],"iteration":682,"passed_time":2.851607942,"remaining_time":1.323513496},
{"learn":[915.0211637],"iteration":683,"passed_time":2.856212499,"remaining_time":1.319536769},
{"learn":[914.7652465],"iteration":684,"passed_time":2.860400351,"remaining_time":1.315366585},
{"learn":[914.5975249],"iteration":685,"passed_time":2.865052093,"remaining_time":1.311408684},
{"learn":[914.3388609],"iteration":686,"passed_time":2.869597867,"remaining_time":1.307400484},
{"learn":[914.2725227],"iteration":687,"passed_time":2.874021222,"remaining_time":1.303335205},
{"learn":[914.1180312],"iteration":688,"passed_time":2.878710614,"remaining_time":1.299388971},
{"learn":[913.9595743],"iteration":689,"passed_time":2.884007613,"remaining_time":1.295713565},
{"learn":[913.8556901],"iteration":690,"passed_time":2.890302398,"remaining_time":1.292479654},
{"learn":[913.7582247],"iteration":691,"passed_time":2.896682494,"remaining_time":1.289274867},
{"learn":[913.5000684],"iteration":692,"passed_time":2.902196671,"remaining_time":1.285677313},
{"learn":[913.3784261],"iteration":693,"passed_time":2.907223403,"remaining_time":1.28185931},
{"learn":[913.1605649],"iteration":694,"passed_time":2.912701584,"remaining_time":1.278235947},
{"learn":[913.0257872],"iteration":695,"passed_time":2.917197112,"remaining_time":1.274178049},
{"learn":[912.8069648],"iteration":696,"passed_time":2.921907195,"remaining_time":1.270212166},
{"learn":[912.5097469],"iteration":697,"passed_time":2.927201938,"remaining_time":1.266497114},
{"learn":[912.3648898],"iteration":698,"passed_time":2.933344419,"remaining_time":1.26314259},
{"learn":[912.1915911],"iteration":699,"passed_time":2.938884637,"remaining_time":1.259521987},
{"learn":[911.9674775],"iteration":700,"passed_time":2.94366398,"remaining_time":1.25557137},
{"learn":[911.8406904],"iteration":701,"passed_time":2.950694636,"remaining_time":1.252574076},
{"learn":[911.7270531],"iteration":702,"passed_time":2.955343535,"remaining_time":1.248559075},
{"learn":[911.5630221],"iteration":703,"passed_time":2.959530546,"remaining_time":1.24434807},
{"learn":[911.495209],"iteration":704,"passed_time":2.963301917,"remaining_time":1.239963213},
{"learn":[911.3185315],"iteration":705,"passed_time":2.967415085,"remaining_time":1.235722429},
{"learn":[911.05651],"iteration":706,"passed_time":2.971549798,"remaining_time":1.231490935},
{"learn":[910.8098039],"iteration":707,"passed_time":2.975550879,"remaining_time":1.2272046},
{"learn":[910.6640083],"iteration":708,"passed_time":2.979646949,"remaining_time":1.222958057},
{"learn":[910.4674977],"iteration":709,"passed_time":2.983591628,"remaining_time":1.218650101},
{"learn":[910.2748744],"iteration":710,"passed_time":2.98751016,"remaining_time":1.21433254},
{"learn":[910.110995],"iteration":711,"passed_time":2.992033668,"remaining_time":1.21026081},
{"learn":[910.0680253],"iteration":712,"passed_time":2.995820659,"remaining_time":1.205891345},
{"learn":[909.8658381],"iteration":713,"passed_time":3.000403952,"remaining_time":1.201842479},
{"learn":[909.7939265],"iteration":714,"passed_time":3.005338072,"remaining_time":1.197931959},
{"learn":[909.6539353],"iteration":715,"passed_time":3.009484368,"remaining_time":1.19370609},
{"learn":[909.5383056],"iteration":716,"passed_time":3.01335889,"remaining_time":1.189373174},
{"learn":[909.4687771],"iteration":717,"passed_time":3.01719933,"remaining_time":1.185028149},
{"learn":[909.38817],"iteration":718,"passed_time":3.021352013,"remaining_time":1.180806559},
{"learn":[909.331987],"iteration":719,"passed_time":3.025057458,"remaining_time":1.176411234},
{"learn":[909.2025103],"iteration":720,"passed_time":3.028812183,"remaining_time":1.172036892},
{"learn":[909.0127834],"iteration":721,"passed_time":3.032206247,"remaining_time":1.167525397},
{"learn":[908.8743319],"iteration":722,"passed_time":3.035709859,"remaining_time":1.163058964},
{"learn":[908.7654206],"iteration":723,"passed_time":3.03910271,"remaining_time":1.158552967},
{"learn":[908.6954104],"iteration":724,"passed_time":3.042610416,"remaining_time":1.154093606},
{"learn":[908.5132617],"iteration":725,"passed_time":3.045883756,"remaining_time":1.149548415},
{"learn":[908.4311091],"iteration":726,"passed_time":3.049356565,"remaining_time":1.145081626},
{"learn":[908.3722224],"iteration":727,"passed_time":3.052613487,"remaining_time":1.140536907},
{"learn":[908.2420565],"iteration":728,"passed_time":3.055808892,"remaining_time":1.135972853},
{"learn":[908.0556626],"iteration":729,"passed_time":3.059379854,"remaining_time":1.131551453},
{"learn":[907.8338841],"iteration":730,"passed_time":3.06261771,"remaining_time":1.1270098},
{"learn":[907.6289739],"iteration":731,"passed_time":3.066002596,"remaining_time":1.122525541},
{"learn":[907.5425653],"iteration":732,"passed_time":3.069955746,"remaining_time":1.118251274},
{"learn":[907.2154679],"iteration":733,"passed_time":3.074262136,"remaining_time":1.114105897},
{"learn":[907.0442977],"iteration":734,"passed_time":3.078172498,"remaining_time":1.109817295},
{"learn":[906.9111936],"iteration":735,"passed_time":3.08171786,"remaining_time":1.105398798},
{"learn":[906.7616053],"iteration":736,"passed_time":3.084880626,"remaining_time":1.100846139},
{"learn":[906.590169],"iteration":737,"passed_time":3.08795113,"remaining_time":1.096264493},
{"learn":[906.3599594],"iteration":738,"passed_time":3.090931928,"remaining_time":1.091655255},
{"learn":[906.2342252],"iteration":739,"passed_time":3.093895522,"remaining_time":1.087044372},
{"learn":[906.0838965],"iteration":740,"passed_time":3.096937939,"remaining_time":1.082465487},
{"learn":[905.8486864],"iteration":741,"passed_time":3.100629986,"remaining_time":1.078116626},
{"learn":[905.5902192],"iteration":742,"passed_time":3.104279971,"remaining_time":1.073754983},
{"learn":[905.4670088],"iteration":743,"passed_time":3.107602029,"remaining_time":1.069282419},
{"learn":[905.2283429],"iteration":744,"passed_time":3.110709306,"remaining_time":1.064739427},
{"learn":[905.0443463],"iteration":745,"passed_time":3.114027384,"remaining_time":1.060272058},
{"learn":[904.7524158],"iteration":746,"passed_time":3.117729729,"remaining_time":1.055937913},
{"learn":[904.541899],"iteration":747,"passed_time":3.121272686,"remaining_time":1.051551761},
{"learn":[904.500355],"iteration":748,"passed_time":3.124494917,"remaining_time":1.047060379},
{"learn":[904.2905317],"iteration":749,"passed_time":3.127417854,"remaining_time":1.042472618},
{"learn":[904.0925032],"iteration":750,"passed_time":3.130596295,"remaining_time":1.037974004},
{"learn":[903.8594721],"iteration":751,"passed_time":3.133626757,"remaining_time":1.033430101},
{"learn":[903.752907],"iteration":752,"passed_time":3.136492801,"remaining_time":1.028836284},
{"learn":[903.6018175],"iteration":753,"passed_time":3.139621158,"remaining_time":1.024332633},
{"learn":[903.4967681],"iteration":754,"passed_time":3.142695584,"remaining_time":1.019815123},
{"learn":[903.3049768],"iteration":755,"passed_time":3.147228245,"remaining_time":1.015772079},
{"learn":[903.150659],"iteration":756,"passed_time":3.150917731,"remaining_time":1.011457079},
{"learn":[903.0896423],"iteration":757,"passed_time":3.154234957,"remaining_time":1.007024881},
{"learn":[902.9129401],"iteration":758,"passed_time":3.158040183,"remaining_time":1.002750572},
{"learn":[902.7691728],"iteration":759,"passed_time":3.161574657,"remaining_time":0.9983919969},
{"learn":[902.6053029],"iteration":760,"passed_time":3.165055906,"remaining_time":0.9940188721},
{"learn":[902.3793894],"iteration":761,"passed_time":3.168381514,"remaining_time":0.9895994755},
{"learn":[902.1960543],"iteration":762,"passed_time":3.17183186,"remaining_time":0.9852216917},
{"learn":[902.0730814],"iteration":763,"passed_time":3.17475197,"remaining_time":0.9806825457},
{"learn":[901.8039892],"iteration":764,"passed_time":3.177882896,"remaining_time":0.9762123929},
{"learn":[901.6243119],"iteration":765,"passed_time":3.180992784,"remaining_time":0.9717393099},
{"learn":[901.4686157],"iteration":766,"passed_time":3.183992304,"remaining_time":0.967236254},
{"learn":[901.1798885],"iteration":767,"passed_time":3.187279394,"remaining_time":0.9628239836},
{"learn":[900.9350934],"iteration":768,"passed_time":3.192066487,"remaining_time":0.9588652255},
{"learn":[900.7647591],"iteration":769,"passed_time":3.196599238,"remaining_time":0.9548283438},
{"learn":[900.6129503],"iteration":770,"passed_time":3.200153396,"remaining_time":0.9504995171},
{"learn":[900.3716764],"iteration":771,"passed_time":3.203958132,"remaining_time":0.9462467022},
{"learn":[900.2246059],"iteration":772,"passed_time":3.207600749,"remaining_time":0.9419474384},
{"learn":[900.1847228],"iteration":773,"passed_time":3.211121804,"remaining_time":0.9376143768},
{"learn":[899.9444269],"iteration":774,"passed_time":3.21456995,"remaining_time":0.9332622435},
{"learn":[899.7600298],"iteration":775,"passed_time":3.219449326,"remaining_time":0.9293255786},
{"learn":[899.6673049],"iteration":776,"passed_time":3.224858254,"remaining_time":0.9255384692},
{"learn":[899.5242123],"iteration":777,"passed_time":3.228424483,"remaining_time":0.9212213822},
{"learn":[899.2842831],"iteration":778,"passed_time":3.23202565,"remaining_time":0.9169161343},
{"learn":[899.1134819],"iteration":779,"passed_time":3.235775833,"remaining_time":0.9126547222},
{"learn":[898.9627437],"iteration":780,"passed_time":3.239661878,"remaining_time":0.9084327162},
{"learn":[898.7843877],"iteration":781,"passed_time":3.243283217,"remaining_time":0.9041377766},
{"learn":[898.6993965],"iteration":782,"passed_time":3.247450702,"remaining_time":0.8999959162},
{"learn":[898.5935274],"iteration":783,"passed_time":3.251403351,"remaining_time":0.8957948008},
{"learn":[898.4085311],"iteration":784,"passed_time":3.254890486,"remaining_time":0.8914668209},
{"learn":[898.3286663],"iteration":785,"passed_time":3.258856798,"remaining_time":0.8872714438},
{"learn":[898.2033054],"iteration":786,"passed_time":3.262477109,"remaining_time":0.8829830041},
{"learn":[897.9668359],"iteration":787,"passed_time":3.266472511,"remaining_time":0.8787971729},
{"learn":[897.785345],"iteration":788,"passed_time":3.271723524,"remaining_time":0.8749476091},
{"learn":[897.504216],"iteration":789,"passed_time":3.276240105,"remaining_time":0.8708992683},
{"learn":[897.3387555],"iteration":790,"passed_time":3.280607248,"remaining_time":0.8668102589},
{"learn":[897.12723],"iteration":791,"passed_time":3.284369246,"remaining_time":0.8625616202},
{"learn":[897.0052796],"iteration":792,"passed_time":3.288421065,"remaining_time":0.8583898617},
{"learn":[896.821787],"iteration":793,"passed_time":3.29276125,"remaining_time":0.8542932211},
{"learn":[896.7099225],"iteration":794,"passed_time":3.297080032,"remaining_time":0.8501904486},
{"learn":[896.6309688],"iteration":795,"passed_time":3.301214209,"remaining_time":0.8460398224},
{"learn":[896.4613825],"iteration":796,"passed_time":3.306146653,"remaining_time":0.8420925603},
{"learn":[896.2973209],"iteration":797,"passed_time":3.310553467,"remaining_time":0.8380097748},
{"learn":[896.1569071],"iteration":798,"passed_time":3.314940436,"remaining_time":0.833921186},
{"learn":[895.9134683],"iteration":799,"passed_time":3.319538988,"remaining_time":0.829884747},
{"learn":[895.7771997],"iteration":800,"passed_time":3.323919541,"remaining_time":0.825792745},
{"learn":[895.6149196],"iteration":801,"passed_time":3.328091894,"remaining_time":0.8216486222},
{"learn":[895.354023],"iteration":802,"passed_time":3.332462246,"remaining_time":0.8175530043},
{"learn":[895.230654],"iteration":803,"passed_time":3.338181339,"remaining_time":0.8137855005},
{"learn":[895.1185444],"iteration":804,"passed_time":3.344191752,"remaining_time":0.8100837163},
{"learn":[894.8586555],"iteration":805,"passed_time":3.363422577,"remaining_time":0.8095582878},
{"learn":[894.7631699],"iteration":806,"passed_time":3.368045646,"remaining_time":0.8054929489},
{"learn":[894.6489099],"iteration":807,"passed_time":3.373349463,"remaining_time":0.8015879911},
{"learn":[894.5172284],"iteration":808,"passed_time":3.379016585,"remaining_time":0.7977653495},
{"learn":[894.3255197],"iteration":809,"passed_time":3.384422408,"remaining_time":0.7938768611},
{"learn":[894.2315293],"iteration":810,"passed_time":3.389623154,"remaining_time":0.7899368387},
{"learn":[894.04148],"iteration":811,"passed_time":3.394946263,"remaining_time":0.7860220413},
{"learn":[893.8858971],"iteration":812,"passed_time":3.400428044,"remaining_time":0.7821402758},
{"learn":[893.7283706],"iteration":813,"passed_time":3.40561293,"remaining_time":0.7781867384},
{"learn":[893.5413128],"iteration":814,"passed_time":3.411946343,"remaining_time":0.7744908877},
{"learn":[893.4510296],"iteration":815,"passed_time":3.418003299,"remaining_time":0.770726234},
{"learn":[893.2114259],"iteration":816,"passed_time":3.423472091,"remaining_time":0.766824226},
{"learn":[893.0851332],"iteration":817,"passed_time":3.429254609,"remaining_time":0.7629881892},
{"learn":[892.8816526],"iteration":818,"passed_time":3.435988577,"remaining_time":0.7593576708},
{"learn":[892.7865207],"iteration":819,"passed_time":3.441498242,"remaining_time":0.7554508337},
{"learn":[892.568587],"iteration":820,"passed_time":3.447626047,"remaining_time":0.7516748628},
{"learn":[892.3574475],"iteration":821,"passed_time":3.454179444,"remaining_time":0.7479853297},
{"learn":[892.2652137],"iteration":822,"passed_time":3.465864518,"remaining_time":0.7453924905},
{"learn":[892.1468893],"iteration":823,"passed_time":3.474203945,"remaining_time":0.7420629785},
{"learn":[892.0220737],"iteration":824,"passed_time":3.482116379,"remaining_time":0.7386307471},
{"learn":[891.7621362],"iteration":825,"passed_time":3.488487277,"remaining_time":0.7348629372},
{"learn":[891.716452],"iteration":826,"passed_time":3.496564307,"remaining_time":0.7314457377},
{"learn":[891.4680611],"iteration":827,"passed_time":3.506773088,"remaining_time":0.7284601102},
{"learn":[891.3182419],"iteration":828,"passed_time":3.514779521,"remaining_time":0.725002772},
{"learn":[891.1110445],"iteration":829,"passed_time":3.52223589,"remaining_time":0.7214218089},
{"learn":[891.0427512],"iteration":830,"passed_time":3.52959715,"remaining_time":0.7178121762},
{"learn":[890.8578182],"iteration":831,"passed_time":3.538238518,"remaining_time":0.7144520085},
{"learn":[890.7200471],"iteration":832,"passed_time":3.54627452,"remaining_time":0.710957797},
{"learn":[890.5798552],"iteration":833,"passed_time":3.553303202,"remaining_time":0.7072521961},
{"learn":[890.3969843],"iteration":834,"passed_time":3.562022331,"remaining_time":0.7038726762},
{"learn":[890.2439766],"iteration":835,"passed_time":3.571964244,"remaining_time":0.7007202585},
{"learn":[889.9845016],"iteration":836,"passed_time":3.579186954,"remaining_time":0.6970220712},
{"learn":[889.8360352],"iteration":837,"passed_time":3.585609197,"remaining_time":0.6931607278},
{"learn":[889.7275722],"iteration":838,"passed_time":3.592966096,"remaining_time":0.6894726359},
{"learn":[889.6510995],"iteration":839,"passed_time":3.599161181,"remaining_time":0.6855545106},
{"learn":[889.4994218],"iteration":840,"passed_time":3.60566758,"remaining_time":0.6816898278},
{"learn":[889.3948936],"iteration":841,"passed_time":3.61234523,"remaining_time":0.6778510052},
{"learn":[889.3221879],"iteration":842,"passed_time":3.618931471,"remaining_time":0.6739884234},
{"learn":[889.0878498],"iteration":843,"passed_time":3.624798377,"remaining_time":0.6699864298},
{"learn":[888.886778],"iteration":844,"passed_time":3.631496504,"remaining_time":0.6661324948},
{"learn":[888.7656925],"iteration":845,"passed_time":3.639934996,"remaining_time":0.6625886399},
{"learn":[888.5175684],"iteration":846,"passed_time":3.646904047,"remaining_time":0.6587677913},
{"learn":[888.3428135],"iteration":847,"passed_time":3.652743709,"remaining_time":0.6547370799},
{"learn":[888.144145],"iteration":848,"passed_time":3.658424572,"remaining_time":0.6506738637},
{"learn":[887.9989588],"iteration":849,"passed_time":3.664420794,"remaining_time":0.6466624931},
{"learn":[887.8309301],"iteration":850,"passed_time":3.672684004,"remaining_time":0.6430433802},
{"learn":[887.6808278],"iteration":851,"passed_time":3.678615653,"remaining_time":0.6390083528},
{"learn":[887.5914972],"iteration":852,"passed_time":3.684452303,"remaining_time":0.6349525071},
{"learn":[887.4505913],"iteration":853,"passed_time":3.690017979,"remaining_time":0.6308461651},
{"learn":[887.2771366],"iteration":854,"passed_time":3.695441261,"remaining_time":0.6267122607},
{"learn":[887.0403605],"iteration":855,"passed_time":3.701010653,"remaining_time":0.6225999229},
{"learn":[886.9441894],"iteration":856,"passed_time":3.706709325,"remaining_time":0.6185057566},
{"learn":[886.8102112],"iteration":857,"passed_time":3.712834111,"remaining_time":0.6144783727},
{"learn":[886.716778],"iteration":858,"passed_time":3.719387193,"remaining_time":0.6105164076},
{"learn":[886.5115535],"iteration":859,"passed_time":3.727301994,"remaining_time":0.606770092},
{"learn":[886.38707],"iteration":860,"passed_time":3.734698563,"remaining_time":0.60293043},
{"learn":[886.2209479],"iteration":861,"passed_time":3.741262287,"remaining_time":0.5989491828},
{"learn":[886.0309559],"iteration":862,"passed_time":3.748947188,"remaining_time":0.595139936},
{"learn":[885.9093615],"iteration":863,"passed_time":3.756916662,"remaining_time":0.5913665116},
{"learn":[885.772446],"iteration":864,"passed_time":3.762994435,"remaining_time":0.5872881488},
{"learn":[885.6173178],"iteration":865,"passed_time":3.769613864,"remaining_time":0.5832889813},
{"learn":[885.447521],"iteration":866,"passed_time":3.776012035,"remaining_time":0.5792498277},
{"learn":[885.2985232],"iteration":867,"passed_time":3.782002197,"remaining_time":0.5751431913},
{"learn":[885.1041733],"iteration":868,"passed_time":3.788124498,"remaining_time":0.5710521395},
{"learn":[884.9261795],"iteration":869,"passed_time":3.794867828,"remaining_time":0.5670492158},
{"learn":[884.8020068],"iteration":870,"passed_time":3.802054824,"remaining_time":0.5631057088},
{"learn":[884.6309951],"iteration":871,"passed_time":3.81027468,"remaining_time":0.559306375},
{"learn":[884.4840092],"iteration":872,"passed_time":3.817295125,"remaining_time":0.5553224295},
{"learn":[884.3466383],"iteration":873,"passed_time":3.824773977,"remaining_time":0.5513976214},
{"learn":[884.1672983],"iteration":874,"passed_time":3.835652833,"remaining_time":0.5479504047},
{"learn":[883.9729755],"iteration":875,"passed_time":3.842786464,"remaining_time":0.5439560748},
{"learn":[883.932254],"iteration":876,"passed_time":3.84922028,"remaining_time":0.5398564361},
{"learn":[883.7703737],"iteration":877,"passed_time":3.855420036,"remaining_time":0.5357189571},
{"learn":[883.6208318],"iteration":878,"passed_time":3.862917744,"remaining_time":0.5317554574},
{"learn":[883.5302103],"iteration":879,"passed_time":3.869957338,"remaining_time":0.5277214552},
{"learn":[883.4314466],"iteration":880,"passed_time":3.876515222,"remaining_time":0.5236155635},
{"learn":[883.3893458],"iteration":881,"passed_time":3.882407648,"remaining_time":0.5194150821},
{"learn":[883.2795254],"iteration":882,"passed_time":3.888730053,"remaining_time":0.515267742},
{"learn":[883.1739155],"iteration":883,"passed_time":3.896104826,"remaining_time":0.5112535745},
{"learn":[883.022132],"iteration":884,"passed_time":3.903545146,"remaining_time":0.5072403297},
{"learn":[882.8692796],"iteration":885,"passed_time":3.910318679,"remaining_time":0.5031335546},
{"learn":[882.6569534],"iteration":886,"passed_time":3.916697581,"remaining_time":0.4989704923},
{"learn":[882.5594444],"iteration":887,"passed_time":3.92297607,"remaining_time":0.4947897746},
{"learn":[882.4995252],"iteration":888,"passed_time":3.929640799,"remaining_time":0.4906525632},
{"learn":[882.3170485],"iteration":889,"passed_time":3.936476292,"remaining_time":0.4865307777},
{"learn":[882.2117669],"iteration":890,"passed_time":3.942352628,"remaining_time":0.4822855628},
{"learn":[882.1140124],"iteration":891,"passed_time":3.948799822,"remaining_time":0.478105808},
{"learn":[881.949296],"iteration":892,"passed_time":3.955008466,"remaining_time":0.4738923917},
{"learn":[881.8569689],"iteration":893,"passed_time":3.960179667,"remaining_time":0.4695515042},
{"learn":[881.750089],"iteration":894,"passed_time":3.966618887,"remaining_time":0.465357523},
{"learn":[881.6850417],"iteration":895,"passed_time":3.973150549,"remaining_time":0.4611692602},
{"learn":[881.5442773],"iteration":896,"passed_time":3.979933215,"remaining_time":0.4570045944},
{"learn":[881.4590313],"iteration":897,"passed_time":3.98875773,"remaining_time":0.4530660228},
{"learn":[881.3623636],"iteration":898,"passed_time":3.99729686,"remaining_time":0.4490845194},
{"learn":[881.263819],"iteration":899,"passed_time":4.004792911,"remaining_time":0.4449769901},
{"learn":[881.064524],"iteration":900,"passed_time":4.01170986,"remaining_time":0.4407983087},
{"learn":[880.9344071],"iteration":901,"passed_time":4.020214769,"remaining_time":0.4367860836},
{"learn":[880.7565025],"iteration":902,"passed_time":4.028742867,"remaining_time":0.4327663988},
{"learn":[880.6687802],"iteration":903,"passed_time":4.03559367,"remaining_time":0.4285586198},
{"learn":[880.5514171],"iteration":904,"passed_time":4.042261009,"remaining_time":0.4243257413},
{"learn":[880.4509289],"iteration":905,"passed_time":4.048923568,"remaining_time":0.4200869927},
{"learn":[880.1862886],"iteration":906,"passed_time":4.056282497,"remaining_time":0.4159143023},
{"learn":[880.022719],"iteration":907,"passed_time":4.062750463,"remaining_time":0.4116443201},
{"learn":[879.8680188],"iteration":908,"passed_time":4.070461706,"remaining_time":0.4074939662},
{"learn":[879.7363982],"iteration":909,"passed_time":4.077480813,"remaining_time":0.4032673332},
{"learn":[879.6054988],"iteration":910,"passed_time":4.085126842,"remaining_time":0.3990958166},
{"learn":[879.4970232],"iteration":911,"passed_time":4.096402383,"remaining_time":0.3952668966},
{"learn":[879.34267],"iteration":912,"passed_time":4.10442046,"remaining_time":0.3911112596},
{"learn":[879.1372671],"iteration":913,"passed_time":4.111853249,"remaining_time":0.3868921},
{"learn":[878.8464389],"iteration":914,"passed_time":4.118586049,"remaining_time":0.3826008898},
{"learn":[878.6815646],"iteration":915,"passed_time":4.125674867,"remaining_time":0.3783369966},
{"learn":[878.6079188],"iteration":916,"passed_time":4.132813968,"remaining_time":0.3740714932},
{"learn":[878.329806],"iteration":917,"passed_time":4.139924851,"remaining_time":0.3697972089},
{"learn":[878.1034845],"iteration":918,"passed_time":4.146399675,"remaining_time":0.3654606895},
{"learn":[877.9506276],"iteration":919,"passed_time":4.152298066,"remaining_time":0.3610693971},
{"learn":[877.7787517],"iteration":920,"passed_time":4.159259854,"remaining_time":0.3567660461},
{"learn":[877.6861901],"iteration":921,"passed_time":4.167147847,"remaining_time":0.3525352842},
{"learn":[877.5024351],"iteration":922,"passed_time":4.174800146,"remaining_time":0.3482769352},
{"learn":[877.3284225],"iteration":923,"passed_time":4.180548673,"remaining_time":0.3438546528},
{"learn":[877.2210356],"iteration":924,"passed_time":4.18637602,"remaining_time":0.3394358935},
{"learn":[877.00537],"iteration":925,"passed_time":4.192302977,"remaining_time":0.3350220522},
{"learn":[876.8152365],"iteration":926,"passed_time":4.198826861,"remaining_time":0.3306519534},
{"learn":[876.6614046],"iteration":927,"passed_time":4.204270991,"remaining_time":0.3261934389},
{"learn":[876.5437198],"iteration":928,"passed_time":4.210348192,"remaining_time":0.3217811858},
{"learn":[876.4151757],"iteration":929,"passed_time":4.216482843,"remaining_time":0.3173696764},
{"learn":[876.1821977],"iteration":930,"passed_time":4.221706483,"remaining_time":0.3128869466},
{"learn":[876.1073573],"iteration":931,"passed_time":4.226727109,"remaining_time":0.3083878148},
{"learn":[875.9986705],"iteration":932,"passed_time":4.231929064,"remaining_time":0.3039005866},
{"learn":[875.856276],"iteration":933,"passed_time":4.237991257,"remaining_time":0.2994726156},
{"learn":[875.7565477],"iteration":934,"passed_time":4.245319384,"remaining_time":0.295129155},
{"learn":[875.6699054],"iteration":935,"passed_time":4.250607114,"remaining_time":0.2906398027},
{"learn":[875.5235237],"iteration":936,"passed_time":4.256710672,"remaining_time":0.2862035991},
{"learn":[875.3638564],"iteration":937,"passed_time":4.263507173,"remaining_time":0.2818096426},
{"learn":[875.1479248],"iteration":938,"passed_time":4.269818109,"remaining_time":0.2773790252},
{"learn":[874.9005192],"iteration":939,"passed_time":4.276099992,"remaining_time":0.2729425527},
{"learn":[874.7140067],"iteration":940,"passed_time":4.282658643,"remaining_time":0.2685195111},
{"learn":[874.5657675],"iteration":941,"passed_time":4.288705347,"remaining_time":0.2640604141},
{"learn":[874.3002674],"iteration":942,"passed_time":4.294401913,"remaining_time":0.2595767859},
{"learn":[874.26203],"iteration":943,"passed_time":4.299953199,"remaining_time":0.2550819695},
{"learn":[874.1197662],"iteration":944,"passed_time":4.305591238,"remaining_time":0.2505899662},
{"learn":[873.9353602],"iteration":945,"passed_time":4.311523419,"remaining_time":0.2461123305},
{"learn":[873.7615097],"iteration":946,"passed_time":4.317663324,"remaining_time":0.2416432483},
{"learn":[873.6815037],"iteration":947,"passed_time":4.325344886,"remaining_time":0.2372552047},
{"learn":[873.5383505],"iteration":948,"passed_time":4.332446456,"remaining_time":0.2328290509},
{"learn":[873.4993537],"iteration":949,"passed_time":4.339443814,"remaining_time":0.2283917797},
{"learn":[873.3238883],"iteration":950,"passed_time":4.345672036,"remaining_time":0.223909495},
{"learn":[873.170765],"iteration":951,"passed_time":4.353526781,"remaining_time":0.219505552},
{"learn":[873.0440503],"iteration":952,"passed_time":4.360718829,"remaining_time":0.2150616841},
{"learn":[872.9759265],"iteration":953,"passed_time":4.367203212,"remaining_time":0.2105779327},
{"learn":[872.8032214],"iteration":954,"passed_time":4.373224287,"remaining_time":0.2060681601},
{"learn":[872.6203558],"iteration":955,"passed_time":4.379578923,"remaining_time":0.2015705781},
{"learn":[872.498484],"iteration":956,"passed_time":4.385973996,"remaining_time":0.1970709319},
{"learn":[872.3791813],"iteration":957,"passed_time":4.393045957,"remaining_time":0.1925970044},
{"learn":[872.1977157],"iteration":958,"passed_time":4.398826897,"remaining_time":0.1880624638},
{"learn":[872.0835675],"iteration":959,"passed_time":4.40422888,"remaining_time":0.1835095367},
{"learn":[871.9425984],"iteration":960,"passed_time":4.409720424,"remaining_time":0.1789584771},
{"learn":[871.8087484],"iteration":961,"passed_time":4.415345125,"remaining_time":0.1744107222},
{"learn":[871.7472432],"iteration":962,"passed_time":4.421085271,"remaining_time":0.1698651662},
{"learn":[871.5597743],"iteration":963,"passed_time":4.428183594,"remaining_time":0.165367852},
{"learn":[871.4153508],"iteration":964,"passed_time":4.434761663,"remaining_time":0.1608462779},
{"learn":[871.2819391],"iteration":965,"passed_time":4.440367842,"remaining_time":0.1562862387},
{"learn":[871.1819215],"iteration":966,"passed_time":4.44528796,"remaining_time":0.1517006233},
{"learn":[870.9869571],"iteration":967,"passed_time":4.45103345,"remaining_time":0.1471416017},
{"learn":[870.7976103],"iteration":968,"passed_time":4.456157899,"remaining_time":0.142560263},
{"learn":[870.670177],"iteration":969,"passed_time":4.460853236,"remaining_time":0.1379645331},
{"learn":[870.5729944],"iteration":970,"passed_time":4.46668401,"remaining_time":0.1334025091},
{"learn":[870.3486327],"iteration":971,"passed_time":4.473135361,"remaining_time":0.1288557511},
{"learn":[870.2444409],"iteration":972,"passed_time":4.478422349,"remaining_time":0.1242727682},
{"learn":[870.0737886],"iteration":973,"passed_time":4.48311919,"remaining_time":0.1196725862},
{"learn":[870.0174989],"iteration":974,"passed_time":4.487643701,"remaining_time":0.1150677872},
{"learn":[869.8315148],"iteration":975,"passed_time":4.492276144,"remaining_time":0.1104658068},
{"learn":[869.7167537],"iteration":976,"passed_time":4.496869458,"remaining_time":0.1058628429},
{"learn":[869.5058287],"iteration":977,"passed_time":4.501011177,"remaining_time":0.1012497402},
{"learn":[869.334721],"iteration":978,"passed_time":4.505003632,"remaining_time":0.09663439865},
{"learn":[869.19752],"iteration":979,"passed_time":4.509046583,"remaining_time":0.09202135883},
{"learn":[869.024259],"iteration":980,"passed_time":4.51319109,"remaining_time":0.08741144823},
{"learn":[868.8422867],"iteration":981,"passed_time":4.517476438,"remaining_time":0.0828050671},
{"learn":[868.741712],"iteration":982,"passed_time":4.52127603,"remaining_time":0.07819093847},
{"learn":[868.6100445],"iteration":983,"passed_time":4.525870307,"remaining_time":0.07359138711},
{"learn":[868.4573681],"iteration":984,"passed_time":4.529819868,"remaining_time":0.06898202844},
{"learn":[868.336477],"iteration":985,"passed_time":4.533835776,"remaining_time":0.06437495017},
{"learn":[868.2137881],"iteration":986,"passed_time":4.538424413,"remaining_time":0.05977661334},
{"learn":[868.0365199],"iteration":987,"passed_time":4.543015678,"remaining_time":0.05517832807},
{"learn":[867.8975062],"iteration":988,"passed_time":4.547132886,"remaining_time":0.05057478437},
{"learn":[867.7378793],"iteration":989,"passed_time":4.55118497,"remaining_time":0.04597156536},
{"learn":[867.6192747],"iteration":990,"passed_time":4.555375142,"remaining_time":0.04137071269},
{"learn":[867.5210303],"iteration":991,"passed_time":4.559144825,"remaining_time":0.03676729698},
{"learn":[867.3685024],"iteration":992,"passed_time":4.56303666,"remaining_time":0.03216642157},
{"learn":[867.2151239],"iteration":993,"passed_time":4.567006487,"remaining_time":0.02756744358},
{"learn":[867.0199822],"iteration":994,"passed_time":4.572431865,"remaining_time":0.02297704455},
{"learn":[866.9354367],"iteration":995,"passed_time":4.576405877,"remaining_time":0.01837914007},
{"learn":[866.7994575],"iteration":996,"passed_time":4.58018601,"remaining_time":0.01378190374},
{"learn":[866.5741018],"iteration":997,"passed_time":4.584281208,"remaining_time":0.009186936289},
{"learn":[866.405956],"iteration":998,"passed_time":4.587836665,"remaining_time":0.004592429094},
{"learn":[866.2945853],"iteration":999,"passed_time":4.591563244,"remaining_time":0}
]}